,index,Date,Year,Month,Day,Weekday,Week_Number,Year_Week,Open,High,Low,Close,Volume,Adj Close,Return,Short_MA,Long_MA,Profit/Loss,Account Balance
0,1007,2018-01-02,2018,1,2,Tuesday,0,2018-00,312.0,322.11,311.0,320.53,4352200,320.53,0.029484478868868624,328.09857142857163,318.7066000000004,0.0,100.0
1,1008,2018-01-03,2018,1,3,Wednesday,0,2018-00,321.0,325.25,315.55,317.25,4521500,317.25,-0.010233047739021006,326.4000000000001,318.14960000000036,-1.0233047739021006,98.9766952260979
2,1009,2018-01-04,2018,1,4,Thursday,0,2018-00,312.87,318.55,305.68,314.62,9946300,314.62,-0.008290007510835307,324.6564285714288,317.7016000000004,-0.8205175468220086,98.1561776792759
3,1010,2018-01-05,2018,1,5,Friday,0,2018-00,316.62,317.24,312.0,316.58,4591200,316.58,0.006229710398247601,323.1342857142858,317.28640000000036,0.6114845607408241,98.76766224001672
4,1011,2018-01-08,2018,1,8,Monday,1,2018-01,316.0,337.02,315.5,336.41,9859400,336.41,0.06263825235622457,322.63142857142867,317.4978000000003,6.18663375202452,104.95429599204124
5,1012,2018-01-09,2018,1,9,Tuesday,1,2018-01,335.16,338.8,327.4,333.69,7146600,333.69,-0.008085375556890706,322.26142857142867,317.6482000000004,-0.8485948994047224,104.10570109263652
6,1013,2018-01-10,2018,1,10,Wednesday,1,2018-01,332.2,337.0,330.0,334.8,4309900,334.8,0.003326396785763519,322.5257142857144,317.92680000000036,0.3462968694942038,104.45199796213073
7,1014,2018-01-11,2018,1,11,Thursday,1,2018-01,335.24,344.81,333.26,337.95,6645500,337.95,0.009408675414917857,323.1664285714287,318.2842000000004,0.9827549452653496,105.43475290739609
8,1015,2018-01-12,2018,1,12,Friday,1,2018-01,338.63,340.41,333.67,336.22,4825100,336.22,-0.005119132782478775,323.492142857143,318.3780000000003,-0.5397345000208006,104.89501840737529
9,1016,2018-01-16,2018,1,16,Tuesday,2,2018-02,337.54,345.0,334.8,340.06,6474300,340.06,0.011421082398277438,324.5535714285716,318.7576000000003,1.1980146483994618,106.09303305577475
10,1017,2018-01-17,2018,1,17,Wednesday,2,2018-02,340.47,349.0,339.75,347.16,7103500,347.16,0.020878686568514212,326.68714285714304,319.7156000000003,2.2150831842745387,108.30811624004929
11,1018,2018-01-18,2018,1,18,Thursday,2,2018-02,345.67,352.3,343.74,344.57,5685800,344.57,-0.007460526300752891,329.0392857142859,320.4852000000003,-0.808035549793889,107.5000806902554
12,1019,2018-01-19,2018,1,19,Friday,2,2018-02,345.0,350.59,342.6,350.02,4888300,350.02,0.015816761684440683,331.5150000000002,321.4300000000003,1.7003031573359133,109.20038384759131
13,1020,2018-01-22,2018,1,22,Monday,3,2018-03,349.4,357.83,349.2,351.56,6210400,351.56,0.00439977313656148,334.387142857143,322.3402000000003,0.0,109.20038384759131
14,1021,2018-01-23,2018,1,23,Tuesday,3,2018-03,360.0,360.5,351.0,352.79,5465400,352.79,0.003498722820770128,336.69142857142873,323.3082000000004,0.0,109.20038384759131
15,1022,2018-01-24,2018,1,24,Wednesday,3,2018-03,354.58,354.75,343.52,345.89,5287500,345.89,-0.019558359730603825,338.73714285714306,324.1662000000004,0.0,109.20038384759131
16,1023,2018-01-25,2018,1,25,Thursday,3,2018-03,348.27,349.2,336.4,337.64,6740300,337.64,-0.023851512476835483,340.3814285714288,324.8592000000004,0.0,109.20038384759131
17,1024,2018-01-26,2018,1,26,Friday,3,2018-03,341.5,344.0,335.71,342.85,4539400,342.85,0.01543061020330461,342.25785714285735,325.40820000000036,0.0,109.20038384759131
18,1025,2018-01-29,2018,1,29,Monday,4,2018-04,339.85,350.85,338.28,349.53,4747100,349.53,0.01948371753496314,343.19500000000016,326.22480000000036,2.1276294335960206,111.32801328118734
19,1026,2018-01-30,2018,1,30,Tuesday,4,2018-04,345.14,348.27,342.17,345.82,4717700,345.82,-0.010614229016207344,344.06142857142885,326.91520000000037,-1.1816610288858953,110.14635225230144
20,1027,2018-01-31,2018,1,31,Wednesday,4,2018-04,347.51,356.19,345.19,354.31,6214100,354.31,0.024550315350653884,345.4550000000002,327.75140000000044,2.704127682518206,112.85047993481965
21,1028,2018-02-01,2018,2,1,Thursday,4,2018-04,351.0,359.66,348.63,349.25,4197700,349.25,-0.014281272313680482,346.26214285714315,328.43540000000047,-1.6116484346786946,111.23883150014095
22,1029,2018-02-02,2018,2,2,Friday,4,2018-04,348.44,351.95,340.51,343.75,3704800,343.75,-0.015748031496062964,346.80000000000024,329.1356000000004,-1.7517926220494606,109.48703887809148
23,1030,2018-02-05,2018,2,5,Monday,5,2018-05,337.97,344.47,333.0,333.13,4464100,333.13,-0.030894531249999968,346.30500000000023,329.4420000000004,0.0,109.48703887809148
24,1031,2018-02-06,2018,2,6,Tuesday,5,2018-05,325.21,336.22,323.5,333.97,5088400,333.97,0.002521527108271471,345.36285714285737,329.86940000000044,0.0,109.48703887809148
25,1032,2018-02-07,2018,2,7,Wednesday,5,2018-05,338.99,346.0,335.66,345.0,6969200,345.0,0.033026914809656034,345.3935714285717,330.4584000000005,0.0,109.48703887809148
26,1033,2018-02-08,2018,2,8,Thursday,5,2018-05,343.31,348.62,314.6,315.23,10314600,315.23,-0.08628982322803448,342.90857142857163,330.42680000000036,0.0,109.48703887809148
27,1034,2018-02-09,2018,2,9,Friday,5,2018-05,319.93,320.98,294.76,310.42,12933700,310.42,-0.015258691720194006,339.9700000000002,330.2842000000004,0.0,109.48703887809148
28,1035,2018-02-12,2018,2,12,Monday,6,2018-06,316.13,318.08,306.25,315.73,6227800,315.73,0.017105847976615518,337.32285714285734,330.4480000000004,1.8728686424584258,111.35990752054991
29,1036,2018-02-13,2018,2,13,Tuesday,6,2018-06,315.02,324.19,312.51,323.66,4560200,323.66,0.025116372849727675,335.7350000000002,330.74420000000043,2.7969569577973243,114.15686447834723
30,1037,2018-02-14,2018,2,14,Wednesday,6,2018-06,320.84,326.17,318.52,322.31,3950700,322.31,-0.004171062498426581,334.6400000000002,331.0598000000004,-0.4761554163635996,113.68070906198363
31,1038,2018-02-15,2018,2,15,Thursday,6,2018-06,324.5,334.12,322.4,334.07,5912900,334.07,0.036486642842926686,334.01285714285734,331.6372000000005,4.147827429675256,117.8285364916589
32,1039,2018-02-16,2018,2,16,Friday,6,2018-06,332.5,343.12,331.64,335.49,5642600,335.49,0.004250554910720128,333.0100000000002,332.2730000000005,0.5008366644075866,118.32937315606648
33,1040,2018-02-20,2018,2,20,Tuesday,7,2018-07,334.47,340.84,331.5,334.77,4009400,334.77,-0.002146118339328429,332.22071428571445,332.7032000000005,-0.2539488378114714,118.075424318255
34,1041,2018-02-21,2018,2,21,Wednesday,7,2018-07,336.03,339.69,333.17,333.3,3219600,333.3,-0.0043910782595362186,330.72000000000014,333.1444000000005,-0.5184784287094036,117.5569458895456
35,1042,2018-02-22,2018,2,22,Thursday,7,2018-07,335.53,347.44,334.75,346.17,6969800,346.17,0.03861393971235283,330.5000000000001,333.7652000000004,4.539336821347238,122.09628271089284
36,1043,2018-02-23,2018,2,23,Friday,7,2018-07,347.83,354.99,347.1,352.05,5817400,352.05,0.01698579928114396,331.09285714285727,334.2280000000004,2.0739029511010334,124.17018566199387
37,1044,2018-02-26,2018,2,26,Monday,8,2018-08,353.5,359.0,352.36,357.42,4340000,357.42,0.015253588470293122,332.82785714285734,334.5558000000004,0.0,124.17018566199387
38,1045,2018-02-27,2018,2,27,Tuesday,8,2018-08,356.25,359.99,350.01,350.99,4797400,350.99,-0.017990103944359737,334.0435714285715,334.79500000000036,0.0,124.17018566199387
39,1046,2018-02-28,2018,2,28,Wednesday,8,2018-08,352.57,355.24,342.22,343.06,6069700,343.06,-0.022593216035836083,333.9050000000001,334.8984000000005,0.0,124.17018566199387
40,1047,2018-03-01,2018,3,1,Thursday,8,2018-08,345.01,348.67,330.07,330.93,6885600,330.93,-0.03535826085564153,335.02642857142877,334.6480000000005,0.0,124.17018566199387
41,1048,2018-03-02,2018,3,2,Friday,8,2018-08,326.98,335.22,322.97,335.12,5092800,335.12,0.012661295543288098,336.79071428571444,334.5730000000005,0.0,124.17018566199387
42,1049,2018-03-05,2018,3,5,Monday,9,2018-09,332.39,337.75,329.29,333.35,3823800,333.35,-0.00528165743453457,338.0492857142859,334.6180000000004,0.0,124.17018566199387
43,1050,2018-03-06,2018,3,6,Tuesday,9,2018-09,333.75,336.37,327.03,328.2,4285700,328.2,-0.015449208946122341,338.3735714285716,334.6024000000005,0.0,124.17018566199387
44,1051,2018-03-07,2018,3,7,Wednesday,9,2018-09,325.44,332.5,321.74,332.3,5007300,332.3,0.01249230784108324,339.08714285714296,334.61520000000047,0.0,124.17018566199387
45,1052,2018-03-08,2018,3,8,Thursday,9,2018-09,332.86,333.3,326.27,329.1,3566200,329.1,-0.009629797794175056,338.73214285714306,334.69320000000045,0.0,124.17018566199387
46,1053,2018-03-09,2018,3,9,Friday,9,2018-09,324.1,328.49,322.37,327.17,5506800,327.17,-0.005864456517737593,338.13785714285734,334.89080000000035,0.0,124.17018566199387
47,1054,2018-03-12,2018,3,12,Monday,10,2018-10,328.61,347.21,326.5,345.51,8264000,345.51,0.0560564709025253,338.90500000000026,335.5682000000004,0.0,124.17018566199387
48,1055,2018-03-13,2018,3,13,Tuesday,10,2018-10,328.61,347.21,326.5,341.84,5965800,341.84,-0.010622017666648498,339.51500000000027,336.0978000000004,0.0,124.17018566199387
49,1056,2018-03-14,2018,3,14,Wednesday,10,2018-10,336.76,339.81,323.93,326.63,7967400,326.63,-0.04449447583086175,338.119285714286,336.4034000000004,0.0,124.17018566199387
50,1057,2018-03-15,2018,3,15,Thursday,10,2018-10,329.38,332.85,321.1,325.6,6564800,325.6,-0.003153411394848482,336.2300000000003,336.5048000000004,0.0,124.17018566199387
51,1058,2018-03-16,2018,3,16,Friday,10,2018-10,322.93,327.4,319.07,321.35,6117300,321.35,-0.013052825308144556,333.65357142857175,336.5868000000004,0.0,124.17018566199387
52,1059,2018-03-19,2018,3,19,Monday,11,2018-11,316.5,320.75,309.67,313.56,7484300,313.56,-0.0242415073812462,330.98000000000036,336.56560000000036,0.0,124.17018566199387
53,1060,2018-03-20,2018,3,20,Tuesday,11,2018-11,314.87,316.25,308.76,310.55,4764300,310.55,-0.00959946992301697,328.6578571428575,336.4450000000004,0.0,124.17018566199387
54,1061,2018-03-21,2018,3,21,Wednesday,11,2018-11,310.25,322.44,310.19,316.53,5958400,316.53,0.01925619456251515,327.629285714286,336.0474000000003,0.0,124.17018566199387
55,1062,2018-03-22,2018,3,22,Thursday,11,2018-11,313.89,318.82,308.18,309.1,4939800,309.1,-0.023473265423293643,325.77071428571463,335.55560000000037,0.0,124.17018566199387
56,1063,2018-03-23,2018,3,23,Friday,11,2018-11,311.25,311.25,300.45,301.54,6654900,301.54,-0.024458095792019963,323.4985714285717,334.8904000000004,0.0,124.17018566199387
57,1064,2018-03-26,2018,3,26,Monday,12,2018-12,307.34,307.59,291.36,304.18,8375200,304.18,0.00875500449707678,321.7828571428575,334.2150000000004,1.087110533873615,125.25729619586748
58,1065,2018-03-27,2018,3,27,Tuesday,12,2018-12,304.0,304.27,277.18,279.18,13872000,279.18,-0.08218818003144257,317.9885714285718,333.07420000000036,-10.294669209997684,114.9626269858698
59,1066,2018-03-28,2018,3,28,Wednesday,12,2018-12,264.58,268.68,252.1,257.78,21001400,257.78,-0.0766530355251378,312.894285714286,331.4286000000003,-8.812234330411044,106.15039265545876
60,1067,2018-03-29,2018,3,29,Thursday,12,2018-12,256.49,270.96,248.21,266.13,15170700,266.13,0.03239198596887505,308.534285714286,329.8080000000004,3.438422029486197,109.58881468494495
61,1068,2018-04-02,2018,4,2,Monday,13,2018-13,256.26,260.33,244.59,252.48,16114000,252.48,-0.051290756039643386,301.889285714286,327.9662000000003,-5.6208931586792,103.96792152626576
62,1069,2018-04-03,2018,4,3,Tuesday,13,2018-13,269.82,273.35,254.49,267.53,18844400,267.53,0.05960869497161614,296.5814285714288,326.31640000000027,6.197392121092099,110.16531364735785
63,1070,2018-04-04,2018,4,4,Wednesday,13,2018-13,252.78,288.37,252.0,286.94,19896700,286.94,0.07255262494178072,293.74642857142874,325.0240000000003,7.9927826826503905,118.15809633000823
64,1071,2018-04-05,2018,4,5,Thursday,13,2018-13,289.34,306.26,288.2,305.72,19121100,305.72,0.06544921802296201,292.3264285714288,324.08260000000024,7.733355007880856,125.8914513378891
65,1072,2018-04-06,2018,4,6,Friday,13,2018-13,301.0,309.28,295.5,299.3,13520300,299.3,-0.02099965132179782,290.7514285714288,323.1508000000003,-2.6436765824907487,123.24777475539834
66,1073,2018-04-09,2018,4,9,Monday,14,2018-14,300.37,309.5,289.21,289.66,10249800,289.66,-0.032208434761205273,289.04428571428593,322.19120000000026,0.0,123.24777475539834
67,1074,2018-04-10,2018,4,10,Tuesday,14,2018-14,298.97,307.1,293.68,304.7,10989800,304.7,0.051922972984790094,288.6264285714288,321.4282000000003,0.0,123.24777475539834
68,1075,2018-04-11,2018,4,11,Wednesday,14,2018-14,300.74,308.98,299.66,300.93,7482900,300.93,-0.012372889334472448,287.51214285714315,320.45620000000025,0.0,123.24777475539834
69,1076,2018-04-12,2018,4,12,Thursday,14,2018-14,302.32,303.95,293.68,294.08,7608800,294.08,-0.022762789586399768,286.43928571428603,319.4214000000003,0.0,123.24777475539834
70,1077,2018-04-13,2018,4,13,Friday,14,2018-14,303.6,303.95,295.98,300.34,7327200,300.34,0.02128675888009357,286.3535714285717,318.34200000000027,0.0,123.24777475539834
71,1078,2018-04-16,2018,4,16,Monday,15,2018-15,299.0,299.66,289.01,291.21,6338500,291.21,-0.030398897896173005,285.4271428571431,317.1812000000002,-3.746596520719883,119.50117823467846
72,1079,2018-04-17,2018,4,17,Tuesday,15,2018-15,288.87,292.17,282.51,287.69,7000000,287.69,-0.012087459623496,286.03500000000025,316.0600000000003,-1.444465666871875,118.05671256780658
73,1080,2018-04-18,2018,4,18,Wednesday,15,2018-15,291.08,300.24,288.16,293.35,6557700,293.35,0.01967396716631531,288.5757142857146,315.26440000000025,2.3226438868221506,120.37935645462873
74,1081,2018-04-19,2018,4,19,Thursday,15,2018-15,291.08,301.01,288.55,300.08,6090600,300.08,0.02294181124501216,291.0007142857145,314.5866000000003,2.7617204735781287,123.14107692820686
75,1082,2018-04-20,2018,4,20,Friday,15,2018-15,295.17,299.98,289.75,290.24,5627900,290.24,-0.032791244928694896,293.69785714285746,313.4914000000003,-4.037949214336091,119.10312771387076
76,1083,2018-04-23,2018,4,23,Monday,16,2018-16,291.29,291.62,282.33,283.37,4893400,283.37,-0.023670050125207842,294.829285714286,312.8542000000004,0.0,119.10312771387076
77,1084,2018-04-24,2018,4,24,Tuesday,16,2018-16,285.0,287.09,278.46,283.46,5685300,283.46,0.00031759303892919816,294.58071428571463,312.3150000000003,0.0,119.10312771387076
78,1085,2018-04-25,2018,4,25,Wednesday,16,2018-16,283.5,285.16,277.25,280.69,4013600,280.69,-0.009772063420494527,292.79285714285743,311.6142000000003,0.0,119.10312771387076
79,1086,2018-04-26,2018,4,26,Thursday,16,2018-16,278.75,285.79,276.5,285.48,4356000,285.48,0.017065119894755787,291.8057142857145,310.8506000000003,0.0,119.10312771387076
80,1087,2018-04-27,2018,4,27,Friday,16,2018-16,285.37,294.47,283.83,294.08,4364600,294.08,0.03012461557719837,292.1214285714288,310.2860000000003,0.0,119.10312771387076
81,1088,2018-04-30,2018,4,30,Monday,17,2018-17,293.61,298.73,292.5,293.9,4228200,293.9,-0.0006120534684430634,291.35000000000025,309.4826000000004,-0.07289748241969175,119.03023023145107
82,1089,2018-05-01,2018,5,1,Tuesday,17,2018-17,293.51,300.82,293.22,299.92,4625600,299.92,0.02048322441738581,291.2778571428574,308.7712000000003,2.4381229182839133,121.46835314973498
83,1090,2018-05-02,2018,5,2,Wednesday,17,2018-17,298.57,306.85,297.78,301.15,8970400,301.15,0.004101028319826838,291.7828571428574,308.0988000000003,0.49814515622979066,121.96649830596478
84,1091,2018-05-03,2018,5,3,Thursday,17,2018-17,278.79,288.04,275.23,284.45,17352100,284.45,-0.055454032966686606,290.64785714285733,307.1218000000004,-6.763534217890297,115.20296408807448
85,1092,2018-05-04,2018,5,4,Friday,17,2018-17,283.0,296.86,279.52,294.09,8569400,294.09,0.0338899058434321,290.8535714285717,306.0802000000004,3.9042176058291336,119.10718169390361
86,1093,2018-05-07,2018,5,7,Monday,18,2018-18,297.5,305.96,295.17,302.77,8678200,302.77,0.029514749851635488,291.9307142857145,305.09460000000036,0.0,119.10718169390361
87,1094,2018-05-08,2018,5,8,Tuesday,18,2018-18,300.8,307.75,299.0,301.97,5930000,301.97,-0.0026422294877205266,292.54642857142875,303.9856000000003,0.0,119.10718169390361
88,1095,2018-05-09,2018,5,9,Wednesday,18,2018-18,300.41,307.01,300.05,306.85,5727400,306.85,0.016160561854108968,293.0300000000002,303.1028000000004,0.0,119.10718169390361
89,1096,2018-05-10,2018,5,10,Thursday,18,2018-18,307.5,312.99,304.11,305.02,5651600,305.02,-0.0059638815494316155,294.0857142857145,302.3420000000004,0.0,119.10718169390361
90,1097,2018-05-11,2018,5,11,Friday,18,2018-18,307.7,308.88,299.08,301.06,4679600,301.06,-0.012982727682481876,295.34928571428594,301.7446000000004,0.0,119.10718169390361
91,1098,2018-05-14,2018,5,14,Monday,19,2018-19,303.32,304.94,291.62,291.97,7286800,291.97,-0.030193305027584993,295.95714285714314,300.8816000000004,0.0,119.10718169390361
92,1099,2018-05-15,2018,5,15,Tuesday,19,2018-19,285.01,286.96,280.5,284.18,9519200,284.18,-0.026680852527151692,296.2064285714288,299.8982000000003,0.0,119.10718169390361
93,1100,2018-05-16,2018,5,16,Wednesday,19,2018-19,283.83,288.81,281.56,286.48,5674000,286.48,0.008093526531865791,296.2778571428575,299.0638000000003,0.0,119.10718169390361
94,1101,2018-05-17,2018,5,17,Thursday,19,2018-19,285.9,289.19,283.97,284.54,4420600,284.54,-0.006771859700531846,295.59642857142893,298.1086000000003,0.0,119.10718169390361
95,1102,2018-05-18,2018,5,18,Friday,19,2018-19,284.65,284.65,274.0,276.82,7251900,276.82,-0.02713151398350477,294.37642857142885,297.0630000000004,0.0,119.10718169390361
96,1103,2018-05-21,2018,5,21,Monday,20,2018-20,281.33,291.49,281.3,284.49,9182600,284.49,0.02770747311328892,293.27428571428607,296.2094000000003,0.0,119.10718169390361
97,1104,2018-05-22,2018,5,22,Tuesday,20,2018-20,287.76,288.0,273.42,275.01,8945800,275.01,-0.03332272063751696,291.4071428571432,294.7994000000004,0.0,119.10718169390361
98,1105,2018-05-23,2018,5,23,Wednesday,20,2018-20,277.76,279.91,274.0,279.07,5985100,279.07,0.014763090121897138,291.0228571428575,293.5440000000003,0.0,119.10718169390361
99,1106,2018-05-24,2018,5,24,Thursday,20,2018-20,278.4,281.11,274.89,277.85,4176700,277.85,-0.004371667283061821,289.86285714285754,292.5684000000004,0.0,119.10718169390361
100,1107,2018-05-25,2018,5,25,Friday,20,2018-20,277.63,279.64,275.61,278.85,3875100,278.85,0.0035990641642362764,288.1542857142861,291.6334000000004,0.0,119.10718169390361
101,1108,2018-05-29,2018,5,29,Tuesday,21,2018-21,278.51,286.5,276.15,283.76,5666600,283.76,0.017608045740141298,286.8535714285718,290.8816000000004,2.097244703245575,121.20442639714919
102,1109,2018-05-30,2018,5,30,Wednesday,21,2018-21,283.29,295.01,281.6,291.72,7489700,291.72,0.028051843745187318,285.7728571428576,290.4448000000003,3.4000076305178863,124.60443402766708
103,1110,2018-05-31,2018,5,31,Thursday,21,2018-21,287.21,290.37,282.93,284.73,5919700,284.73,-0.023961299208574597,284.3235714285718,289.9284000000004,-2.985684126452025,121.61874990121505
104,1111,2018-06-01,2018,6,1,Friday,21,2018-21,285.86,291.95,283.84,291.82,5424400,291.82,0.02490076937562824,283.6635714285718,289.4342000000003,3.028400443042366,124.64715034425743
105,1112,2018-06-04,2018,6,4,Monday,22,2018-22,294.34,299.0,293.55,296.74,4797800,296.74,0.016859649053089232,284.00428571428614,289.1870000000003,2.101507210271831,126.74865755452926
106,1113,2018-06-05,2018,6,5,Tuesday,22,2018-22,297.7,297.8,286.74,291.13,5995200,291.13,-0.01890539036255801,284.5007142857147,288.97880000000026,-2.396232848998563,124.3524247055307
107,1114,2018-06-06,2018,6,6,Wednesday,22,2018-22,300.5,322.17,297.48,319.5,18767300,319.5,0.09744785711320668,286.8592857142861,289.28520000000026,12.117877314385348,136.47030201991603
108,1115,2018-06-07,2018,6,7,Thursday,22,2018-22,316.15,330.0,313.58,316.09,14345300,316.09,-0.010672937909575464,289.11285714285754,290.02340000000027,-1.4565390599595749,135.01376295995647
109,1116,2018-06-08,2018,6,8,Friday,22,2018-22,319.0,324.48,317.15,317.66,8205200,317.66,0.004966963024481297,292.03000000000037,291.2210000000003,0.6706083684181863,135.68437132837465
110,1117,2018-06-11,2018,6,11,Monday,23,2018-23,322.51,334.66,322.5,332.1,13183500,332.1,0.04545741445235851,295.4307142857146,292.54040000000026,6.167860702181637,141.85223203055628
111,1118,2018-06-12,2018,6,12,Tuesday,23,2018-23,344.7,354.97,338.0,342.77,22347400,342.77,0.03212882479390977,300.27071428571463,294.3462000000003,4.557545509534778,146.40977754009106
112,1119,2018-06-13,2018,6,13,Wednesday,23,2018-23,346.71,347.2,339.8,344.78,9469800,344.78,0.005864019109166564,304.96428571428606,295.89120000000025,0.8585497332639195,147.26832727335497
113,1120,2018-06-14,2018,6,14,Thursday,23,2018-23,347.63,358.75,346.6,357.72,10981000,357.72,0.0375311865166792,310.6692857142861,297.3068000000003,5.52715505889564,152.7954823322506
114,1121,2018-06-15,2018,6,15,Friday,23,2018-23,353.84,364.67,351.25,358.17,10848300,358.17,0.0012580012453751175,316.3350000000003,298.35580000000033,0.19221690706166303,152.98769923931226
115,1122,2018-06-18,2018,6,18,Monday,24,2018-24,355.4,373.73,354.5,370.83,12073200,370.83,0.035346267610103954,322.554285714286,299.7864000000003,5.407544158366829,158.39524339767908
116,1123,2018-06-19,2018,6,19,Tuesday,24,2018-24,365.16,370.0,346.25,352.55,12761900,352.55,-0.04929482361517323,326.899285714286,301.04420000000033,-7.808065584771023,150.58717781290807
117,1124,2018-06-20,2018,6,20,Wednesday,24,2018-24,358.04,364.38,352.0,362.22,8383700,362.22,0.027428772550158083,332.434285714286,302.19460000000026,4.130421449200467,154.71759926210854
118,1125,2018-06-21,2018,6,21,Thursday,24,2018-24,362.0,366.21,346.27,347.51,7967100,347.51,-0.040610654865840035,336.4121428571431,303.12620000000027,-6.283183025304837,148.4344162368037
119,1126,2018-06-22,2018,6,22,Friday,24,2018-24,351.54,352.25,332.0,333.63,10266100,333.63,-0.039941309581769335,339.04714285714317,303.9172000000002,-5.928664971503386,142.50575126530032
120,1127,2018-06-25,2018,6,25,Monday,25,2018-25,330.12,338.47,327.5,333.01,6931300,333.01,-0.0018583314093865155,342.03857142857174,304.57060000000024,-0.26482291359452975,142.24092835170578
121,1128,2018-06-26,2018,6,26,Tuesday,25,2018-25,336.05,343.55,325.8,342.0,7452500,342.0,0.0269961561837202,343.64571428571463,305.58640000000025,3.839958317500004,146.08088666920577
122,1129,2018-06-27,2018,6,27,Wednesday,25,2018-25,345.0,350.79,339.5,344.5,8333700,344.5,0.007309941520467822,345.6750000000003,306.72260000000017,1.0678427388099816,147.14872940801575
123,1130,2018-06-28,2018,6,28,Thursday,25,2018-25,348.66,357.02,346.11,349.93,8398000,349.93,0.015761952614749664,347.98000000000036,307.8542000000002,2.3193513002497648,149.46808070826552
124,1131,2018-06-29,2018,6,29,Friday,25,2018-25,353.33,353.86,342.41,342.95,6492400,342.95,-0.01994679111492204,348.7550000000003,308.71160000000026,-2.981408584236081,146.48667212402944
125,1132,2018-07-02,2018,7,2,Monday,26,2018-26,360.07,364.78,329.85,335.07,18759800,335.07,-0.02297712378577066,348.2050000000003,309.6082000000003,-3.365842398359425,143.12082972567
126,1133,2018-07-03,2018,7,3,Tuesday,26,2018-26,331.75,332.49,309.69,310.86,12282600,310.86,-0.07225362295477034,345.7821428571432,310.15800000000024,-10.340998467972447,132.77983125769757
127,1134,2018-07-05,2018,7,5,Thursday,26,2018-26,313.76,314.39,296.22,309.16,17476400,309.16,-0.005468641091038284,342.3135714285717,310.67200000000025,-0.7261252412769745,132.0537060164206
128,1135,2018-07-06,2018,7,6,Friday,26,2018-26,304.95,312.07,302.0,308.9,8865500,308.9,-0.0008410200625730281,338.794285714286,311.23620000000017,-0.1110598160969303,131.94264620032365
129,1136,2018-07-09,2018,7,9,Monday,27,2018-27,311.99,318.52,308.0,318.51,7596800,318.51,0.031110443700303362,335.05714285714316,311.89680000000027,4.104794266284214,136.04744046660787
130,1137,2018-07-10,2018,7,10,Tuesday,27,2018-27,324.56,327.68,319.2,322.47,9471500,322.47,0.01243286343808192,332.9085714285717,312.46460000000025,1.6914592484219158,137.7388997150298
131,1138,2018-07-11,2018,7,11,Wednesday,27,2018-27,315.8,321.94,315.07,318.96,4884100,318.96,-0.010884763706198841,329.8185714285717,312.9658000000003,-1.4992553765499181,136.23964433847988
132,1139,2018-07-12,2018,7,12,Thursday,27,2018-27,321.43,323.23,312.77,316.71,5721200,316.71,-0.007054176261215739,327.6185714285717,313.3016000000003,-0.96105846492898,135.2785858735509
133,1140,2018-07-13,2018,7,13,Friday,27,2018-27,315.58,319.58,309.25,318.87,5869800,318.87,0.006820131099071203,326.56428571428603,313.6560000000003,0.9226176905545788,136.20120356410547
134,1141,2018-07-16,2018,7,16,Monday,28,2018-28,311.71,315.16,306.25,310.1,7818700,310.1,-0.0275033372470459,324.92785714285736,314.1690000000002,-3.745987635077143,132.45521592902833
135,1142,2018-07-17,2018,7,17,Tuesday,28,2018-28,308.81,324.74,308.5,322.69,6996200,322.69,0.040599793905479416,323.5485714285716,314.7410000000002,5.377654468424324,137.83287039745264
136,1143,2018-07-18,2018,7,18,Wednesday,28,2018-28,325.0,325.5,316.25,323.85,5624200,323.85,0.00359479269061036,322.0735714285716,315.16260000000017,0.4954805950306078,138.32835099248325
137,1144,2018-07-19,2018,7,19,Thursday,28,2018-28,316.33,323.54,314.01,320.23,5915300,320.23,-0.011177999224833757,319.95214285714314,315.52780000000024,-1.5462342001665097,136.78211679231674
138,1145,2018-07-20,2018,7,20,Friday,28,2018-28,321.23,323.24,311.71,313.58,5162200,313.58,-0.020766399731180774,317.854285714286,315.6624000000002,-2.8404721133863036,133.94164467893043
139,1146,2018-07-23,2018,7,23,Monday,29,2018-29,301.84,305.5,292.86,303.2,10992900,303.2,-0.03310152053610815,315.57785714285734,315.62600000000026,0.0,133.94164467893043
140,1147,2018-07-24,2018,7,24,Tuesday,29,2018-29,304.42,307.72,292.55,297.43,9590800,297.43,-0.0190304066587903,314.6185714285717,315.5534000000003,0.0,133.94164467893043
141,1148,2018-07-25,2018,7,25,Wednesday,29,2018-29,296.74,309.62,294.5,308.74,7075400,308.74,0.03802574668696046,314.58857142857175,315.8888000000003,0.0,133.94164467893043
142,1149,2018-07-26,2018,7,26,Thursday,29,2018-29,304.85,310.7,303.64,306.65,4630500,306.65,-0.0067694383753268425,314.42785714285753,316.33820000000026,0.0,133.94164467893043
143,1150,2018-07-27,2018,7,27,Friday,29,2018-29,307.25,307.69,295.34,297.18,5703300,297.18,-0.030882117753766924,312.904285714286,316.55220000000025,0.0,133.94164467893043
144,1151,2018-07-30,2018,7,30,Monday,30,2018-30,295.9,296.1,286.13,290.17,6814100,290.17,-0.02358832835592217,310.5971428571432,316.66480000000024,-3.1594594952188664,130.78218518371156
145,1152,2018-07-31,2018,7,31,Tuesday,30,2018-30,292.25,298.32,289.07,298.14,5076900,298.14,0.02746666041247581,309.1100000000003,317.09120000000024,3.592149868442531,134.3743350521541
146,1153,2018-08-01,2018,8,1,Wednesday,30,2018-30,297.99,303.0,293.0,300.84,10129400,300.84,0.009056086257448248,307.97642857142887,317.41820000000024,1.2169055690195592,135.59124062117365
147,1154,2018-08-02,2018,8,2,Thursday,30,2018-30,328.44,349.99,323.16,349.54,23215000,349.54,0.16188011168679006,310.1671428571432,318.90880000000027,21.949525175506018,157.54076579667966
148,1155,2018-08-03,2018,8,3,Friday,30,2018-30,347.81,355.0,342.53,348.17,13656500,348.17,-0.003919422909241632,312.8864285714289,320.29080000000033,-0.6174688866029768,156.9232969100767
149,1156,2018-08-06,2018,8,6,Monday,31,2018-31,345.46,354.98,341.82,341.99,8564300,341.99,-0.017750015667682084,314.2650000000003,321.5736000000003,-2.7853909787781888,154.1379059312985
150,1157,2018-08-07,2018,8,7,Tuesday,31,2018-31,343.84,387.46,339.15,379.57,30875800,379.57,0.1098863070936349,318.2450000000003,323.5880000000003,16.937645265936474,171.07555119723497
151,1158,2018-08-08,2018,8,8,Wednesday,31,2018-31,369.09,382.64,367.12,370.34,24571200,370.34,-0.024317018753391872,321.824285714286,325.31960000000026,-4.160047386710014,166.91550381052497
152,1159,2018-08-09,2018,8,9,Thursday,31,2018-31,365.55,367.01,345.73,352.45,17183800,352.45,-0.048306918798305835,324.6007142857146,326.53420000000017,-8.063173688753338,158.85233012177162
153,1160,2018-08-10,2018,8,10,Friday,31,2018-31,354.0,360.0,346.0,355.49,11552000,355.49,0.008625274285869677,328.33571428571463,327.94940000000025,1.370144918249798,160.2224750400214
154,1161,2018-08-13,2018,8,13,Monday,32,2018-32,361.13,363.19,349.02,356.41,10463900,356.41,0.0025880150018509074,332.54857142857173,329.24120000000016,0.0,160.2224750400214
155,1162,2018-08-14,2018,8,14,Tuesday,32,2018-32,358.45,359.2,347.1,347.64,6986400,347.64,-0.024606461444853792,335.3271428571432,330.2592000000002,0.0,160.2224750400214
156,1163,2018-08-15,2018,8,15,Wednesday,32,2018-32,341.91,344.49,332.14,338.69,9101300,338.69,-0.025745057616805792,337.6157142857146,331.21040000000016,0.0,160.2224750400214
157,1164,2018-08-16,2018,8,16,Thursday,32,2018-32,339.91,342.28,333.82,335.45,6064000,335.45,-0.009566241137972551,340.349285714286,331.5294000000002,0.0,160.2224750400214
158,1165,2018-08-17,2018,8,17,Friday,32,2018-32,323.5,326.77,303.53,305.5,18958600,305.5,-0.08928308575689325,341.444285714286,331.31760000000014,0.0,160.2224750400214
159,1166,2018-08-20,2018,8,20,Monday,33,2018-33,291.7,308.5,288.2,308.44,17402300,308.44,0.009623575912950157,342.1800000000003,331.1332000000002,1.5419131515084077,161.7643881915298
160,1167,2018-08-21,2018,8,21,Tuesday,33,2018-33,310.61,324.79,309.0,321.9,13172200,321.9,0.043638929284586236,343.68428571428586,330.9292000000002,7.059224697054526,168.82361288858434
161,1168,2018-08-22,2018,8,22,Wednesday,33,2018-33,320.87,323.88,314.67,321.64,5946000,321.64,-0.0008076398042135003,341.6914285714288,330.5066000000002,-0.13634866965995202,168.68726421892438
162,1169,2018-08-23,2018,8,23,Thursday,33,2018-33,319.14,327.32,318.1,320.1,5147300,320.1,-0.004787988044973711,339.6864285714288,330.0130000000001,-0.8076726044195317,167.87959161450485
163,1170,2018-08-24,2018,8,24,Friday,33,2018-33,320.7,323.85,319.4,322.82,3602600,322.82,0.008497348231300883,338.31714285714315,329.31500000000017,1.4265313508770272,169.30612296538186
164,1171,2018-08-27,2018,8,27,Monday,34,2018-34,318.0,322.44,308.81,319.27,13079300,319.27,-0.01099689681557281,334.0100000000002,328.5370000000002,-1.8618419644949864,167.44428100088686
165,1172,2018-08-28,2018,8,28,Tuesday,34,2018-34,318.41,318.88,311.19,311.86,7649100,311.86,-0.023209208247230717,329.83285714285734,327.3576000000002,-3.886249187557401,163.55803181332945
166,1173,2018-08-29,2018,8,29,Wednesday,34,2018-34,310.27,311.85,303.69,305.01,7447400,305.01,-0.021964907034211056,326.4442857142859,326.4068000000002,-3.5925369634783157,159.96549484985113
167,1174,2018-08-30,2018,8,30,Thursday,34,2018-34,302.26,304.6,297.72,303.15,7216700,303.15,-0.006098212549056625,322.7057142857145,325.22540000000026,-0.9755035881094151,158.98999126174172
168,1175,2018-08-31,2018,8,31,Friday,34,2018-34,302.0,305.31,298.6,301.66,5375100,301.66,-0.004915026436991377,318.7950000000002,324.3084000000003,-0.7814400102684886,158.20855125147324
169,1176,2018-09-04,2018,9,4,Tuesday,35,2018-35,296.94,298.19,288.0,288.95,8350500,288.95,-0.04213349897494079,314.6028571428573,323.4148000000003,-6.665879831980815,151.54267141949242
170,1177,2018-09-05,2018,9,5,Wednesday,35,2018-35,285.05,286.78,277.18,280.74,7720800,280.74,-0.028413295123080995,310.46357142857164,322.36940000000027,-4.30582664678213,147.2368447727103
171,1178,2018-09-06,2018,9,6,Thursday,35,2018-35,284.8,291.17,278.88,280.95,7480800,280.95,0.0007481013748020793,306.5707142857145,321.14840000000027,0.11014808599598491,147.34699285870627
172,1179,2018-09-07,2018,9,7,Friday,35,2018-35,260.1,268.35,252.25,263.24,22491900,263.24,-0.06303620289436329,303.552142857143,319.52320000000026,-9.288194937715707,138.05879792099057
173,1180,2018-09-10,2018,9,10,Monday,36,2018-36,273.26,286.03,271.0,285.5,14283500,285.5,0.08456165701041796,301.91357142857163,318.23460000000017,11.674480717065409,149.733278638056
174,1181,2018-09-11,2018,9,11,Tuesday,36,2018-36,279.47,282.0,273.55,279.44,9170000,279.44,-0.02122591088824433,298.8807142857145,316.96440000000024,-3.178225229376035,146.55505340867995
175,1182,2018-09-12,2018,9,12,Wednesday,36,2018-36,281.44,292.5,278.65,290.54,10015400,290.54,0.03972232324125869,296.6592857142859,316.0738000000003,5.821507204139516,152.37656061281947
176,1183,2018-09-13,2018,9,13,Thursday,36,2018-36,288.02,295.0,285.18,289.46,6340300,289.46,-0.003717274929716852,294.47071428571445,315.6458000000003,-0.5664255686425141,151.81013504417697
177,1184,2018-09-14,2018,9,14,Friday,36,2018-36,288.76,297.33,286.52,295.2,6765600,295.2,0.019830100605955137,292.49785714285724,315.3666000000003,3.010410250929665,154.82054529510663
178,1185,2018-09-17,2018,9,17,Monday,37,2018-37,290.04,300.87,288.13,294.84,6887600,294.84,-0.0012195659019422767,290.75285714285724,315.0854000000003,-0.1888138579620218,154.6317314371446
179,1186,2018-09-18,2018,9,18,Tuesday,37,2018-37,296.69,302.64,275.5,284.96,16547500,284.96,-0.033509717153468836,288.83142857142866,314.41440000000017,-5.18166558340987,149.4500658537347
180,1187,2018-09-19,2018,9,19,Wednesday,37,2018-37,280.51,300.0,280.5,299.02,8294900,299.02,0.049340251193860096,288.4035714285715,313.9454000000003,7.373903790162204,156.82396964389693
181,1188,2018-09-20,2018,9,20,Thursday,37,2018-37,303.56,305.98,293.33,298.33,7349400,298.33,-0.0023075462068012924,288.05928571428575,313.5328000000003,-0.36187855628729537,156.46209108760962
182,1189,2018-09-21,2018,9,21,Friday,37,2018-37,297.7,300.58,295.37,299.1,5050500,299.1,0.0025811000097486487,287.8764285714286,313.1806000000003,0.40384430483152317,156.86593539244114
183,1190,2018-09-24,2018,9,24,Monday,38,2018-38,298.48,303.0,293.58,299.68,4843000,299.68,0.0019391058523245965,288.64285714285717,312.7968000000003,0.0,156.86593539244114
184,1191,2018-09-25,2018,9,25,Tuesday,38,2018-38,300.0,304.6,296.5,300.99,4481700,300.99,0.004371321378170867,290.08928571428584,312.6146000000003,0.0,156.86593539244114
185,1192,2018-09-26,2018,9,26,Wednesday,38,2018-38,301.91,313.89,301.11,309.58,7843200,309.58,0.028539142883794225,292.1342857142858,312.35240000000033,0.0,156.86593539244114
186,1193,2018-09-27,2018,9,27,Thursday,38,2018-38,312.9,314.96,306.91,307.52,8509100,307.52,-0.006654169028826651,295.297142857143,312.0258000000003,0.0,156.86593539244114
187,1194,2018-09-28,2018,9,28,Friday,38,2018-38,270.26,278.0,260.56,264.77,33649700,264.77,-0.13901535356161646,293.81642857142873,310.9166000000003,0.0,156.86593539244114
188,1195,2018-10-01,2018,10,1,Monday,39,2018-39,305.77,311.44,301.05,310.7,21777600,310.7,0.1734714095221257,296.0492857142859,310.8590000000003,0.0,156.86593539244114
189,1196,2018-10-02,2018,10,2,Tuesday,39,2018-39,313.95,316.84,299.15,301.02,11743500,301.02,-0.031155528847901067,296.79785714285737,310.8154000000003,0.0,156.86593539244114
190,1197,2018-10-03,2018,10,3,Wednesday,39,2018-39,303.33,304.6,291.57,294.8,7995000,294.8,-0.020663083674554942,297.17928571428587,310.76280000000025,0.0,156.86593539244114
191,1198,2018-10-04,2018,10,4,Thursday,39,2018-39,293.95,294.0,277.67,281.83,9814200,281.83,-0.04399593540625135,296.22428571428594,310.2246000000003,0.0,156.86593539244114
192,1199,2018-10-05,2018,10,5,Friday,39,2018-39,274.65,274.88,260.0,261.95,17944500,261.95,-0.07053888980027623,293.87500000000017,309.3306000000003,0.0,156.86593539244114
193,1200,2018-10-08,2018,10,8,Monday,40,2018-40,264.52,267.76,249.0,250.56,13472700,250.56,-0.04348163434875296,291.4178571428574,308.3982000000003,-6.820787244509232,150.0451481479319
194,1201,2018-10-09,2018,10,9,Tuesday,40,2018-40,255.25,266.77,253.3,262.8,12060600,262.8,0.04885053621343794,288.8307142857145,307.85080000000033,7.329785943251209,157.37493409118312
195,1202,2018-10-10,2018,10,10,Wednesday,40,2018-40,264.61,265.51,247.77,256.88,12815300,256.88,-0.022526572241776344,285.8700000000003,307.0256000000003,-3.545117821849827,153.8298162693333
196,1203,2018-10-11,2018,10,11,Thursday,40,2018-40,257.53,262.25,249.03,252.23,8167700,252.23,-0.018101872730011626,282.52214285714297,306.0534000000003,-2.784607756188543,151.04520851314476
197,1204,2018-10-12,2018,10,12,Friday,40,2018-40,261.0,261.99,252.01,258.78,7201400,258.78,0.025968374748073897,279.6007142857145,304.2382000000003,3.922398578570305,154.96760709171505
198,1205,2018-10-15,2018,10,15,Monday,41,2018-41,259.06,263.28,254.54,259.59,6200000,259.59,0.0031300624561969577,276.64357142857165,302.46660000000026,0.4850582888844587,155.4526653805995
199,1206,2018-10-16,2018,10,16,Tuesday,41,2018-41,265.7,277.38,262.24,276.59,9526400,276.59,0.06548788566517905,274.2871428571431,301.15860000000026,10.180266376792037,165.63293175739156
200,1207,2018-10-17,2018,10,17,Wednesday,41,2018-41,282.4,282.7,265.8,271.78,8655500,271.78,-0.017390352587870583,271.734285714286,299.00280000000026,-2.880415083423746,162.75251667396782
201,1208,2018-10-18,2018,10,18,Thursday,41,2018-41,269.29,271.0,263.0,263.91,5421200,263.91,-0.028957226994391294,271.67285714285737,296.87420000000026,-4.71286156923654,158.03965510473128
202,1209,2018-10-19,2018,10,19,Friday,41,2018-41,267.39,269.66,253.5,260.0,9375500,260.0,-0.014815670523484425,268.0514285714288,295.02520000000027,-2.3414634596768122,155.69819164505446
203,1210,2018-10-22,2018,10,22,Monday,42,2018-42,260.68,261.86,252.59,260.95,5600300,260.95,0.0036538931039662437,265.1892857142859,293.13440000000026,0.5689045487518791,156.26709619380634
204,1211,2018-10-23,2018,10,23,Tuesday,42,2018-42,263.87,297.93,262.1,294.14,19027800,294.14,0.12718912009505526,265.14214285714297,291.8890000000003,19.875474464699586,176.14257065850592
205,1212,2018-10-24,2018,10,24,Wednesday,42,2018-42,301.05,304.44,285.73,288.5,20058300,288.5,-0.019174591580742858,265.6185714285716,290.7062000000003,-3.3774618523589917,172.7651088061469
206,1213,2018-10-25,2018,10,25,Thursday,42,2018-42,317.22,321.0,301.01,314.86,20840700,314.86,0.09136910000541598,269.39785714285733,290.2296000000003,15.78539250395541,188.55050131010233
207,1214,2018-10-26,2018,10,26,Friday,42,2018-42,308.25,339.9,306.65,330.9,27425500,330.9,0.050943305885668984,275.1364285714288,290.1386000000003,9.605385863136773,198.1558871732391
208,1215,2018-10-29,2018,10,29,Monday,43,2018-43,337.47,347.16,326.5,334.85,14486000,334.85,0.01193717824082796,280.2828571428573,290.72560000000027,2.36542214465635,200.52130931789546
209,1216,2018-10-30,2018,10,30,Tuesday,43,2018-43,328.39,337.9,322.26,329.9,9126700,329.9,-0.01478277472541245,285.4985714285716,291.15480000000025,-2.9642613432911973,197.55704797460427
210,1217,2018-10-31,2018,10,31,Wednesday,43,2018-43,332.54,342.0,329.1,337.32,7624300,337.32,0.022491705259208402,291.57642857142866,291.46320000000026,4.443394894924094,202.00044286952837
211,1218,2018-11-01,2018,11,1,Thursday,43,2018-43,338.26,347.84,334.73,344.28,8000100,344.28,0.02063320082994213,297.6835714285716,291.9160000000003,4.167915705464231,206.1683585749926
212,1219,2018-11-02,2018,11,2,Friday,43,2018-43,343.74,349.2,340.91,346.41,7808000,346.41,0.0061868388822028395,303.8850000000002,292.44220000000024,1.2755304171117015,207.4438889921043
213,1220,2018-11-05,2018,11,5,Monday,44,2018-44,340.5,343.96,330.14,341.4,7831000,341.4,-0.014462659024454094,308.5142857142858,292.81380000000024,-3.0001902331995103,204.4436987589048
214,1221,2018-11-06,2018,11,6,Tuesday,44,2018-44,339.07,348.8,336.09,341.06,6762900,341.06,-0.000995888529493394,313.46285714285733,293.24960000000027,-0.20360313452119608,204.2400956243836
215,1222,2018-11-07,2018,11,7,Wednesday,44,2018-44,343.34,351.18,340.8,348.16,7374500,348.16,0.020817469519555317,319.48071428571444,293.9756000000002,4.251761965331669,208.49185758971527
216,1223,2018-11-08,2018,11,8,Thursday,44,2018-44,348.5,357.58,348.44,351.4,7090700,351.4,0.009306038029340824,326.0092857142858,294.9034000000002,1.9402331555378016,210.43209074525308
217,1224,2018-11-09,2018,11,9,Friday,44,2018-44,349.0,354.0,345.23,350.51,5098800,350.51,-0.002532681122133229,332.4064285714288,295.8506000000002,-0.532957383721529,209.89913336153154
218,1225,2018-11-12,2018,11,12,Monday,45,2018-45,348.37,349.78,330.34,331.28,6941500,331.28,-0.054862943854832036,335.0592857142858,296.44300000000027,-11.515684368791607,198.38344899273994
219,1226,2018-11-13,2018,11,13,Tuesday,45,2018-45,333.16,344.7,332.2,338.73,5448600,338.73,0.02248856627168294,338.64714285714297,297.4386000000003,4.461359339878265,202.84480833261821
220,1227,2018-11-14,2018,11,14,Wednesday,45,2018-45,342.7,347.11,337.15,344.0,5040300,344.0,0.015558081193710828,340.7285714285716,298.7038000000003,3.155875997761585,206.0006843303798
221,1228,2018-11-15,2018,11,15,Thursday,45,2018-45,342.33,348.58,339.04,348.44,4625700,348.44,0.012906983841297182,341.9814285714287,300.05360000000024,2.658847503948374,208.6595318343282
222,1229,2018-11-16,2018,11,16,Friday,45,2018-45,345.19,355.7,345.12,354.31,7206200,354.31,0.016846501768047032,343.3714285714287,301.87500000000017,3.515183171966876,212.17471500629506
223,1230,2018-11-19,2018,11,19,Monday,46,2018-46,356.34,366.75,352.88,353.47,9708900,353.47,-0.0023707949075066907,345.0550000000002,303.23440000000016,0.0,212.17471500629506
224,1231,2018-11-20,2018,11,20,Tuesday,46,2018-46,341.75,349.8,333.55,347.49,8004700,347.49,-0.01691801557607786,345.7814285714288,304.5954000000002,0.0,212.17471500629506
225,1232,2018-11-21,2018,11,21,Wednesday,46,2018-46,352.0,353.1,337.4,338.19,4686800,338.19,-0.026763325719673547,345.3464285714287,305.5484000000002,0.0,212.17471500629506
226,1233,2018-11-23,2018,11,23,Friday,46,2018-46,334.35,337.5,325.55,325.83,4202600,325.83,-0.036547549542899634,343.87642857142873,306.2758000000002,0.0,212.17471500629506
227,1234,2018-11-26,2018,11,26,Monday,47,2018-47,325.0,346.22,325.0,346.0,7992100,346.0,0.06190349034452946,344.20500000000015,307.2918000000002,13.134355421745475,225.30907042804054
228,1235,2018-11-27,2018,11,27,Tuesday,47,2018-47,340.05,346.96,335.5,343.92,6358300,343.92,-0.006011521885160742,344.4092857142859,308.2734000000002,-1.3544504078033888,223.95462002023714
229,1236,2018-11-28,2018,11,28,Wednesday,47,2018-47,345.99,348.28,342.21,347.87,4127600,347.87,0.01148517543391847,344.38857142857165,309.5316000000002,2.5721581001689735,226.5267781204061
230,1237,2018-11-29,2018,11,29,Thursday,47,2018-47,347.0,347.5,339.55,341.17,3080700,341.17,-0.019260016050525075,343.65785714285727,310.3746000000002,-4.362909382472754,222.16386873793334
231,1238,2018-11-30,2018,11,30,Friday,47,2018-47,341.83,351.6,338.26,350.48,5629100,350.48,0.027288440344027443,343.6557142857144,311.41760000000016,6.062505478653438,228.22637421658678
232,1239,2018-12-03,2018,12,3,Monday,48,2018-48,360.0,366.0,352.0,358.49,8306500,358.49,0.022854311221644386,345.5992857142859,312.6054000000002,5.21595658533335,233.44233080192012
233,1240,2018-12-04,2018,12,4,Tuesday,48,2018-48,356.05,368.68,352.0,359.7,8461900,359.7,0.0033753298714565005,347.097142857143,313.8058000000002,0.7879448724181509,234.23027567433826
234,1241,2018-12-06,2018,12,6,Thursday,48,2018-48,356.01,367.38,350.76,363.06,7842500,363.06,0.009341076556952157,348.45857142857164,315.0472000000002,2.187962937030002,236.41823861136825
235,1242,2018-12-07,2018,12,7,Friday,48,2018-48,369.0,379.49,357.65,357.97,11511200,357.97,-0.0140197112656818,349.13928571428596,316.0150000000002,-3.3145154432724473,233.1037231680958
236,1243,2018-12-10,2018,12,10,Monday,49,2018-49,360.0,365.98,353.12,365.15,6613500,365.15,0.02005752619296852,349.91357142857163,317.16760000000016,4.675484033122564,237.77920720121836
237,1244,2018-12-11,2018,12,11,Tuesday,49,2018-49,369.91,372.17,360.23,366.76,6308800,366.76,0.0044091904588585695,350.8628571428573,319.2074000000002,1.048413811706567,238.8276210129249
238,1245,2018-12-12,2018,12,12,Wednesday,49,2018-49,369.42,371.91,365.16,366.6,5027000,366.6,-0.0004362625636629147,352.2278571428574,320.3254000000002,-0.10419155021661362,238.72342946270828
239,1246,2018-12-13,2018,12,13,Thursday,49,2018-49,370.15,377.44,366.75,376.79,7365900,376.79,0.02779596909916293,354.98500000000024,321.8408000000002,6.635549068591641,245.35897853129993
240,1247,2018-12-14,2018,12,14,Friday,49,2018-49,375.0,377.87,364.33,365.71,6337600,365.71,-0.02940634528137376,357.8335714285717,323.2590000000002,-7.215110840576577,238.14386769072334
241,1248,2018-12-17,2018,12,17,Monday,50,2018-50,362.0,365.7,343.88,348.42,7674000,348.42,-0.04727783881033931,358.00642857142884,324.5908000000001,-11.25892739035279,226.88494030037054
242,1249,2018-12-18,2018,12,18,Tuesday,50,2018-50,350.54,351.55,333.69,337.03,7100000,337.03,-0.03269047187153018,357.51428571428596,326.0924000000001,-7.416975758963067,219.46796454140747
243,1250,2018-12-19,2018,12,19,Wednesday,50,2018-50,337.6,347.01,329.74,332.97,8274200,332.97,-0.0120463981642549,356.45000000000033,327.74060000000014,-2.6437984851643703,216.8241660562431
244,1251,2018-12-20,2018,12,20,Thursday,50,2018-50,327.05,330.29,311.87,315.38,9071900,315.38,-0.05282757087246248,354.60785714285737,328.7922000000001,-11.454293999198756,205.36987205704432
245,1252,2018-12-21,2018,12,21,Friday,50,2018-50,317.4,323.47,312.44,319.77,8016800,319.77,0.013919665365249134,352.41428571428605,330.0500000000001,2.858679895138086,208.2285519521824
246,1253,2018-12-24,2018,12,24,Monday,51,2018-51,313.5,314.5,295.2,295.39,5559900,295.39,-0.07624222160570547,347.90714285714324,330.91320000000013,-15.875807402573447,192.35274454960896
247,1254,2018-12-26,2018,12,26,Wednesday,51,2018-51,300.0,326.97,294.09,326.09,8163100,326.09,0.10393032996051388,345.5064285714289,332.25940000000014,19.991284209851298,212.34402875946026
248,1255,2018-12-27,2018,12,27,Thursday,51,2018-51,319.84,322.17,301.5,316.13,8575100,316.13,-0.030543689064161605,342.1542857142861,333.39020000000016,-6.485769989060343,205.8582587703999
249,1256,2018-12-28,2018,12,28,Friday,51,2018-51,323.1,336.24,318.41,333.87,9939000,333.87,0.05611612298855051,340.43285714285753,334.53580000000017,11.551967367368619,217.41022613776852
250,1257,2018-12-31,2018,12,31,Monday,52,2018-52,337.79,339.21,325.26,332.8,6302300,332.8,-0.0032048621914742004,338.12214285714333,335.7562000000001,0.0,217.41022613776852
251,1258,2019-01-02,2019,1,2,Wednesday,0,2019-00,306.1,315.13,298.8,310.12,11658600,310.12,-0.06814901895336077,334.07642857142895,336.68040000000013,-14.816293621717238,202.59393251605127
252,1259,2019-01-03,2019,1,3,Thursday,0,2019-00,307.0,309.4,297.38,300.36,6965200,300.36,-0.03147172036403812,329.3450000000003,337.4876000000002,-6.375979591595976,196.2179529244553
253,1260,2019-01-04,2019,1,4,Friday,0,2019-00,306.0,318.0,302.73,317.69,7394100,317.69,0.05769748946271758,325.1235714285717,338.62240000000014,11.321283271254773,207.53923619571006
254,1261,2019-01-07,2019,1,7,Monday,1,2019-01,321.72,336.74,317.75,334.96,7551200,334.96,0.05436113469405468,322.92714285714317,339.4388000000001,11.282068373136223,218.82130456884627
255,1262,2019-01-08,2019,1,8,Tuesday,1,2019-01,341.96,344.01,327.02,335.35,7008500,335.35,0.0011643618891417074,321.9935714285717,340.37580000000014,0.2547871875722348,219.07609175641852
256,1263,2019-01-09,2019,1,9,Wednesday,1,2019-01,335.5,343.5,331.47,338.53,5432900,338.53,0.009482608074859122,322.1007142857146,340.84920000000005,2.0774127166979923,221.15350447311653
257,1264,2019-01-10,2019,1,10,Thursday,1,2019-01,334.4,345.39,331.79,344.97,6056400,344.97,0.019023432087638348,322.95785714285745,341.13060000000013,4.207098673287556,225.3606031464041
258,1265,2019-01-11,2019,1,11,Friday,1,2019-01,342.09,348.41,338.77,347.26,5039100,347.26,0.006638283145834478,325.2350000000003,341.37880000000007,1.4960074936018668,226.85661064000595
259,1266,2019-01-14,2019,1,14,Monday,2,2019-02,342.38,342.5,334.0,334.4,5247300,334.4,-0.037032815491251585,326.28000000000026,341.4688000000001,-8.401139004802042,218.4554716352039
260,1267,2019-01-15,2019,1,15,Tuesday,2,2019-02,335.0,348.8,334.5,344.43,6056600,344.43,0.029994016035782996,329.7828571428574,341.6110000000001,6.552356919330843,225.00782855453474
261,1268,2019-01-16,2019,1,16,Wednesday,2,2019-02,344.78,352.0,343.5,346.05,4691700,346.05,0.004703408970287981,331.2085714285717,341.64640000000014,1.0583038392084188,226.06613239374315
262,1269,2019-01-17,2019,1,17,Thursday,2,2019-02,346.21,351.5,344.15,347.31,3676700,347.31,0.0036411206764117576,333.4357142857146,341.6644000000001,0.823134068895296,226.88926646263843
263,1270,2019-01-18,2019,1,18,Friday,2,2019-02,323.0,327.13,299.73,302.26,24150800,302.26,-0.12971117477079966,331.17785714285753,340.88160000000005,-29.43007329575383,197.4591931668846
264,1271,2019-01-22,2019,1,22,Tuesday,3,2019-03,304.82,308.0,295.5,298.92,12066700,298.92,-0.011050076854296707,328.75785714285746,340.0388,0.0,197.4591931668846
265,1272,2019-01-23,2019,1,23,Wednesday,3,2019-03,292.5,294.5,281.69,287.59,12530000,287.59,-0.0379031733603975,327.14857142857176,338.8273999999999,0.0,197.4591931668846
266,1273,2019-01-24,2019,1,24,Thursday,3,2019-03,283.03,293.68,279.28,291.51,8012200,291.51,0.013630562528776924,326.51642857142895,337.62959999999987,0.0,197.4591931668846
267,1274,2019-01-25,2019,1,25,Friday,3,2019-03,294.39,298.52,289.55,297.04,7249600,297.04,0.01897018487887614,325.041428571429,336.56019999999995,0.0,197.4591931668846
268,1275,2019-01-28,2019,1,28,Monday,4,2019-04,292.91,297.46,287.75,296.38,6423300,296.38,-0.002221935238092887,322.2857142857147,335.8622000000001,-0.4387415393828911,197.0204516275017
269,1276,2019-01-29,2019,1,29,Tuesday,4,2019-04,295.27,298.56,291.8,297.46,4621700,297.46,0.003643925212474031,319.57928571428613,335.0368,0.7179277910584737,197.73837941856019
270,1277,2019-01-30,2019,1,30,Wednesday,4,2019-04,300.45,309.0,298.49,308.77,11250300,308.77,0.038021911798184586,317.45357142857176,334.3322,7.518391221368454,205.25677063992865
271,1278,2019-01-31,2019,1,31,Thursday,4,2019-04,301.0,311.56,294.0,307.02,12569200,307.02,-0.005667649260830521,314.74285714285736,333.50380000000007,-1.1633233843978512,204.0934472555308
272,1279,2019-02-01,2019,2,1,Friday,4,2019-04,305.42,316.1,303.5,312.21,7283400,312.21,0.01690444474993158,312.239285714286,332.6618,3.4500864029541956,207.543533658485
273,1280,2019-02-04,2019,2,4,Monday,5,2019-05,312.98,315.3,301.88,312.89,7352100,312.89,0.002178095550978698,310.70285714285745,331.8502,0.0,207.543533658485
274,1281,2019-02-05,2019,2,5,Tuesday,5,2019-05,312.49,322.44,312.25,321.35,6742800,321.35,0.02703822768068753,309.0542857142861,331.3273999999999,0.0,207.543533658485
275,1282,2019-02-06,2019,2,6,Wednesday,5,2019-05,319.59,324.24,315.62,317.22,5038500,317.22,-0.01285204544692653,306.9950000000004,330.908,0.0,207.543533658485
276,1283,2019-02-07,2019,2,7,Thursday,5,2019-05,313.3,314.7,303.0,307.51,6520600,307.51,-0.030609644466656705,304.1521428571432,330.5415999999999,0.0,207.543533658485
277,1284,2019-02-08,2019,2,8,Friday,5,2019-05,306.83,307.45,298.5,305.8,5844200,305.8,-0.005560866047773838,304.4050000000003,329.7375999999999,0.0,207.543533658485
278,1285,2019-02-11,2019,2,11,Monday,6,2019-06,311.6,318.6,310.5,312.84,7129700,312.84,0.02302161159564231,305.39928571428607,329.11599999999993,4.777986621072758,212.32152027955775
279,1286,2019-02-12,2019,2,12,Tuesday,6,2019-06,316.2,318.19,309.62,311.81,5517600,311.81,-0.003292413985916287,307.12928571428614,328.3948,-0.6990503428794245,211.62246993667833
280,1287,2019-02-13,2019,2,13,Wednesday,6,2019-06,312.35,312.75,305.57,308.17,5141600,308.17,-0.011673724894518123,308.31928571428614,327.73479999999995,-2.4704224955392147,209.1520474411391
281,1288,2019-02-14,2019,2,14,Thursday,6,2019-06,303.38,306.77,301.0,303.77,5200800,303.77,-0.014277912263823469,308.8000000000004,326.8006,-2.986254583163628,206.16579285797548
282,1289,2019-02-15,2019,2,15,Friday,6,2019-06,304.5,308.0,303.9,307.88,3904900,307.88,0.013530026065068812,309.62142857142896,325.7884,2.7894285510939856,208.95522140906945
283,1290,2019-02-19,2019,2,19,Tuesday,7,2019-07,306.56,311.54,305.47,305.64,4168400,305.64,-0.007275530072917812,310.2057142857147,324.7072,-1.5202599972548847,207.43496141181456
284,1291,2019-02-20,2019,2,20,Wednesday,7,2019-07,304.41,306.3,299.0,302.56,7142100,302.56,-0.010077270456182008,309.76214285714326,323.4972,-2.090378208214534,205.34458320360002
285,1292,2019-02-21,2019,2,21,Thursday,7,2019-07,301.81,303.24,290.5,291.23,8909200,291.23,-0.03744707384878754,308.634285714286,322.1624000000001,-7.689553771673707,197.65502943192632
286,1293,2019-02-22,2019,2,22,Friday,7,2019-07,294.49,296.5,292.1,294.71,5740600,294.71,0.01194925089266774,307.384285714286,320.7536000000001,2.361829536879714,200.01685896880605
287,1294,2019-02-25,2019,2,25,Monday,8,2019-08,297.91,302.9,297.0,298.77,6626500,298.77,0.013776246738524955,306.3757142857146,319.3938000000001,0.0,200.01685896880605
288,1295,2019-02-26,2019,2,26,Tuesday,8,2019-08,292.22,302.01,288.77,297.86,8582500,297.86,-0.0030458335695414678,304.69785714285746,318.0190000000001,0.0,200.01685896880605
289,1296,2019-02-27,2019,2,27,Wednesday,8,2019-08,301.78,316.3,300.55,314.74,11183900,314.74,0.05667093840379112,304.5207142857145,316.77800000000013,0.0,200.01685896880605
290,1297,2019-02-28,2019,2,28,Thursday,8,2019-08,318.92,320.0,310.81,319.88,10520700,319.88,0.016330986871448742,305.40428571428595,315.8614000000001,0.0,200.01685896880605
291,1298,2019-03-01,2019,3,1,Friday,8,2019-08,306.94,307.13,291.9,294.79,22911400,294.79,-0.07843565072809823,304.61785714285736,314.7888000000001,0.0,200.01685896880605
292,1299,2019-03-04,2019,3,4,Monday,9,2019-09,298.12,299.0,282.78,285.36,17096800,285.36,-0.031988951185645036,302.6550000000002,313.7554000000001,0.0,200.01685896880605
293,1300,2019-03-05,2019,3,5,Tuesday,9,2019-09,282.0,284.0,270.1,276.54,18764700,276.54,-0.030908246633719275,300.13571428571447,312.6268000000002,0.0,200.01685896880605
294,1301,2019-03-06,2019,3,6,Wednesday,9,2019-09,276.48,281.51,274.39,276.24,10335500,276.24,-0.001084900199886052,297.85500000000013,311.84400000000016,0.0,200.01685896880605
295,1302,2019-03-07,2019,3,7,Thursday,9,2019-09,278.84,284.7,274.25,276.59,9442500,276.59,0.0012670363303250998,295.91357142857163,310.9804000000001,0.0,200.01685896880605
296,1303,2019-03-08,2019,3,8,Friday,9,2019-09,276.91,285.59,275.89,284.14,8819600,284.14,0.02729678734050656,294.2178571428573,310.7554000000002,0.0,200.01685896880605
297,1304,2019-03-11,2019,3,11,Monday,10,2019-10,283.52,291.28,280.5,290.92,7392300,290.92,0.023861471210542717,293.16642857142875,310.05200000000013,0.0,200.01685896880605
298,1305,2019-03-12,2019,3,12,Tuesday,10,2019-10,286.49,288.07,281.06,283.36,7504100,283.36,-0.025986620814074102,291.7950000000002,309.3966000000002,0.0,200.01685896880605
299,1306,2019-03-13,2019,3,13,Wednesday,10,2019-10,283.9,291.99,282.7,288.96,6844700,288.96,0.019762868411246304,291.63285714285735,308.4984000000002,0.0,200.01685896880605
300,1307,2019-03-14,2019,3,14,Thursday,10,2019-10,292.45,295.39,288.29,289.96,7103400,289.96,0.003460686702558391,291.2935714285715,307.6416000000001,0.0,200.01685896880605
301,1308,2019-03-15,2019,3,15,Friday,10,2019-10,283.51,283.72,274.4,275.43,14785500,275.43,-0.05011035731647806,289.6264285714287,306.9478000000001,0.0,200.01685896880605
302,1309,2019-03-18,2019,3,18,Monday,11,2019-11,276.0,278.05,267.3,269.49,10281000,269.49,-0.02156628762067481,287.60000000000014,306.3304000000001,0.0,200.01685896880605
303,1310,2019-03-19,2019,3,19,Tuesday,11,2019-11,267.5,273.3,263.46,267.47,11800600,267.47,-0.00749559941693978,284.22357142857163,305.32600000000014,0.0,200.01685896880605
304,1311,2019-03-20,2019,3,20,Wednesday,11,2019-11,269.69,274.97,266.3,273.6,6908200,273.6,0.022918476295793244,280.9178571428573,304.0988000000001,0.0,200.01685896880605
305,1312,2019-03-21,2019,3,21,Thursday,11,2019-11,272.6,276.45,268.45,274.02,5947100,274.02,0.0015350252221755234,279.43428571428586,302.87220000000013,0.0,200.01685896880605
306,1313,2019-03-22,2019,3,22,Friday,11,2019-11,272.58,272.8,264.0,264.53,8745600,264.53,-0.03463247432617589,277.94642857142867,301.3922000000001,0.0,200.01685896880605
307,1314,2019-03-25,2019,3,25,Monday,12,2019-12,259.71,263.18,254.46,260.42,10215000,260.42,-0.015536934829805669,276.79500000000013,299.70120000000014,-3.107648902660771,196.90921006614528
308,1315,2019-03-26,2019,3,26,Tuesday,12,2019-12,264.44,270.26,264.43,267.77,7350900,267.77,0.0282235435333662,276.19000000000005,298.1114000000001,5.557475662422601,202.46668572856788
309,1316,2019-03-27,2019,3,27,Wednesday,12,2019-12,268.75,275.37,268.18,274.83,8779200,274.83,0.026365903007275596,276.0642857142858,296.92000000000013,5.338216998123971,207.80490272669186
310,1317,2019-03-28,2019,3,28,Thursday,12,2019-12,277.16,280.33,275.1,278.62,6774100,278.62,0.013790374886640366,275.67000000000013,295.6038000000001,2.8657075118829156,210.67061023857477
311,1318,2019-03-29,2019,3,29,Friday,12,2019-12,278.7,280.16,274.5,279.86,5991300,279.86,0.004450471093625064,274.88000000000005,294.2800000000002,0.9375834611431295,211.6081936997179
312,1319,2019-04-01,2019,4,1,Monday,13,2019-13,282.62,289.2,281.28,289.18,8110400,289.18,0.03330239338257268,275.29571428571444,293.1174000000002,7.047059309563644,218.65525300928155
313,1320,2019-04-02,2019,4,2,Tuesday,13,2019-13,288.3,289.44,283.88,285.88,5478900,285.88,-0.011411535640602157,275.07571428571435,292.7898000000002,-2.4951922127202986,216.16006079656125
314,1321,2019-04-03,2019,4,3,Wednesday,13,2019-13,287.32,296.17,287.17,291.81,7929900,291.81,0.020742943103740474,275.20785714285734,292.6476000000002,4.4837958424041515,220.64385663896542
315,1322,2019-04-04,2019,4,4,Thursday,13,2019-13,261.89,271.2,260.59,267.78,23720700,267.78,-0.08234809972359425,274.6614285714287,292.2514000000002,-18.169602309903958,202.47425432906147
316,1323,2019-04-05,2019,4,5,Friday,13,2019-13,269.86,276.1,266.11,274.96,13038300,274.96,0.026813028263918067,275.0521428571429,291.9204000000001,5.42894790404086,207.90320223310232
317,1324,2019-04-08,2019,4,8,Monday,14,2019-14,277.69,281.16,270.44,273.2,10410400,273.2,-0.006400855770809177,275.46142857142866,291.4436000000002,0.0,207.90320223310232
318,1325,2019-04-09,2019,4,9,Tuesday,14,2019-14,271.65,275.0,269.61,272.31,5904000,272.31,-0.003257740148865929,275.3692857142858,290.96220000000017,0.0,207.90320223310232
319,1326,2019-04-10,2019,4,10,Wednesday,14,2019-14,276.74,278.38,272.89,276.06,7061300,276.06,0.0137710698601623,275.5150000000001,290.53420000000017,0.0,207.90320223310232
320,1327,2019-04-11,2019,4,11,Thursday,14,2019-14,268.3,270.5,265.6,268.42,9835900,268.42,-0.02767508584519851,275.79285714285726,289.7272000000001,0.0,207.90320223310232
321,1328,2019-04-12,2019,4,12,Friday,14,2019-14,270.22,271.95,266.83,267.7,6746000,267.7,-0.002682367873798497,276.31285714285724,288.94080000000014,0.0,207.90320223310232
322,1329,2019-04-15,2019,4,15,Monday,15,2019-15,268.63,268.88,258.63,266.38,10038600,266.38,-0.004930919925389854,276.2135714285715,288.0242000000002,-1.0251540424435606,206.87804819065875
323,1330,2019-04-16,2019,4,16,Tuesday,15,2019-15,265.75,275.0,264.72,273.36,7272900,273.36,0.02620309460471959,276.1085714285715,287.2336000000002,5.4208450683795695,212.29889325903832
324,1331,2019-04-17,2019,4,17,Wednesday,15,2019-15,274.75,274.79,268.54,271.23,5126500,271.23,-0.00779182938020373,275.5807142857144,286.2312000000002,-1.6541967538805102,210.6446965051578
325,1332,2019-04-18,2019,4,18,Thursday,15,2019-15,271.23,274.84,269.75,273.26,5876300,273.26,0.007484418010804904,275.1092857142859,285.3520000000002,1.576552960403736,212.22124946556156
326,1333,2019-04-22,2019,4,22,Monday,16,2019-16,269.0,269.68,262.48,262.75,12147100,262.75,-0.03846157282450302,273.2214285714288,284.4568000000002,0.0,212.22124946556156
327,1334,2019-04-23,2019,4,23,Tuesday,16,2019-16,260.15,265.6,255.75,263.9,10943900,263.9,0.004376760785858691,271.65142857142877,283.6188000000002,0.0,212.22124946556156
328,1335,2019-04-24,2019,4,24,Wednesday,16,2019-16,263.85,265.32,258.0,258.66,10727500,258.66,-0.019855969517113325,269.28357142857163,282.5352000000002,0.0,212.22124946556156
329,1336,2019-04-25,2019,4,25,Thursday,16,2019-16,255.0,259.0,246.07,247.63,21849400,247.63,-0.042642846296814814,267.8442857142859,281.25160000000017,0.0,212.22124946556156
330,1337,2019-04-26,2019,4,26,Friday,16,2019-16,246.5,246.68,231.13,235.14,22360700,235.14,-0.05043817488544966,265.00000000000017,279.79100000000017,0.0,212.22124946556156
331,1338,2019-04-29,2019,4,29,Monday,17,2019-17,235.86,243.98,232.17,241.47,16714500,241.47,0.02692014054386926,262.73357142857157,278.54500000000013,5.713025862008457,217.93427532757002
332,1339,2019-04-30,2019,4,30,Tuesday,17,2019-17,242.06,244.21,237.0,238.69,9464600,238.69,-0.011512812213704149,260.33214285714297,277.1612000000002,-2.509036386776011,215.425238940794
333,1340,2019-05-01,2019,5,1,Wednesday,17,2019-17,238.85,240.0,231.5,234.01,10704400,234.01,-0.01960705470150204,257.3285714285716,275.7286000000002,-4.223854443996295,211.20138449679771
334,1341,2019-05-02,2019,5,2,Thursday,17,2019-17,245.52,247.13,237.72,244.1,18159300,244.1,0.04311786604646462,255.59142857142876,274.5594000000002,9.106553005560794,220.3079375023585
335,1342,2019-05-03,2019,5,3,Friday,17,2019-17,243.86,256.61,243.49,255.03,23706800,255.03,0.04477669972341647,254.6864285714288,273.83540000000016,9.864662364228309,230.1725998665868
336,1343,2019-05-06,2019,5,6,Monday,18,2019-18,250.02,258.35,248.5,255.34,10833900,255.34,0.001215533702221494,253.89785714285736,273.0480000000003,0.0,230.1725998665868
337,1344,2019-05-07,2019,5,7,Tuesday,18,2019-18,256.8,257.21,245.1,247.06,10131400,247.06,-0.03242734745065157,252.0192857142859,272.0138000000003,0.0,230.1725998665868
338,1345,2019-05-08,2019,5,8,Wednesday,18,2019-18,246.94,250.6,244.2,244.84,6176400,244.84,-0.008985676526515052,250.13428571428588,270.9534000000002,0.0,230.1725998665868
339,1346,2019-05-09,2019,5,9,Thursday,18,2019-18,242.0,243.68,236.94,241.98,6711400,241.98,-0.011681100527401678,247.90000000000026,269.49820000000017,0.0,230.1725998665868
340,1347,2019-05-10,2019,5,10,Friday,18,2019-18,239.75,241.99,236.02,239.52,7008300,239.52,-0.010166094299166706,246.24071428571446,267.89100000000025,0.0,230.1725998665868
341,1348,2019-05-13,2019,5,13,Monday,19,2019-19,232.01,232.47,224.5,227.01,10834800,227.01,-0.05222949875783445,243.60571428571444,266.5354000000002,0.0,230.1725998665868
342,1349,2019-05-14,2019,5,14,Tuesday,19,2019-19,229.3,234.5,228.0,232.31,7252400,232.31,0.02334700312764526,241.72357142857163,265.4744000000003,0.0,230.1725998665868
343,1350,2019-05-15,2019,5,15,Wednesday,19,2019-19,229.32,232.44,225.25,231.95,7296000,231.95,-0.0015496561238642625,240.6035714285716,264.5826000000002,0.0,230.1725998665868
344,1351,2019-05-16,2019,5,16,Thursday,19,2019-19,229.49,231.0,226.5,228.33,7483300,228.33,-0.015606790967086169,240.11714285714302,263.6244000000002,0.0,230.1725998665868
345,1352,2019-05-17,2019,5,17,Friday,19,2019-19,221.96,222.24,208.92,211.03,17786700,211.03,-0.07576754221093729,237.94285714285732,262.31320000000017,0.0,230.1725998665868
346,1353,2019-05-20,2019,5,20,Monday,20,2019-20,202.8,206.0,195.25,205.36,20526200,205.36,-0.026868209267608467,235.5621428571431,260.7376000000002,0.0,230.1725998665868
347,1354,2019-05-21,2019,5,21,Tuesday,20,2019-20,197.76,207.4,196.04,205.08,18003900,205.08,-0.0013634533427380189,233.49571428571448,259.0208000000003,0.0,230.1725998665868
348,1355,2019-05-22,2019,5,22,Wednesday,20,2019-20,199.1,203.94,191.78,192.73,18685200,192.73,-0.060220431018376826,229.8264285714288,257.2082000000002,0.0,230.1725998665868
349,1356,2019-05-23,2019,5,23,Thursday,20,2019-20,194.34,199.47,186.22,195.49,26547100,195.49,0.014320603055098855,225.57357142857163,255.33880000000028,0.0,230.1725998665868
350,1357,2019-05-24,2019,5,24,Friday,20,2019-20,199.83,199.98,188.75,190.63,14136600,190.63,-0.024860609104241482,220.9514285714288,253.35220000000027,0.0,230.1725998665868
351,1358,2019-05-28,2019,5,28,Tuesday,21,2019-21,191.2,195.0,187.85,188.7,10312900,188.7,-0.010124365971436509,216.78285714285732,251.61760000000027,-2.330351637646343,227.84224822894046
352,1359,2019-05-29,2019,5,29,Wednesday,21,2019-21,187.1,192.39,185.04,189.86,11968600,189.86,0.0061473433008456535,212.85571428571444,250.02500000000026,1.4006245182997896,229.24287274724026
353,1360,2019-05-30,2019,5,30,Thursday,21,2019-21,188.75,192.26,187.02,188.22,7926500,188.22,-0.0086379405055107,209.01571428571447,248.44000000000025,-1.9801862961030214,227.26268645113723
354,1361,2019-05-31,2019,5,31,Friday,21,2019-21,185.1,189.92,184.1,185.16,10406700,185.16,-0.01625755785117466,205.1328571428573,246.67120000000025,-3.6947362723927313,223.5679501787445
355,1362,2019-06-03,2019,6,3,Monday,22,2019-22,185.51,186.68,176.99,178.97,13064400,178.97,-0.0334305590785261,201.70142857142875,244.77020000000027,-7.474001566515498,216.09394861222898
356,1363,2019-06-04,2019,6,4,Tuesday,22,2019-22,181.1,193.98,179.61,193.6,13807500,193.6,0.08174557067120425,198.93642857142876,243.35160000000027,17.664723147900542,233.75867176012952
357,1364,2019-06-05,2019,6,5,Wednesday,22,2019-22,198.68,201.28,191.85,196.59,13510800,196.59,0.01544416394685588,196.41071428571445,242.07500000000027,3.61020725066271,237.36887901079223
358,1365,2019-06-06,2019,6,6,Thursday,22,2019-22,204.44,211.0,201.8,205.95,20242200,205.95,0.047611784855339234,194.81214285714302,240.83860000000018,11.301555998814889,248.6704350096071
359,1366,2019-06-07,2019,6,7,Friday,22,2019-22,205.0,210.84,203.5,204.5,16003500,204.5,-0.0070405291076871546,194.34571428571445,239.43200000000027,-1.7507714359063657,246.91966357370075
360,1367,2019-06-10,2019,6,10,Monday,23,2019-23,210.25,216.94,209.01,212.88,10585000,212.88,0.04097801898685827,194.8828571428573,238.1172000000002,10.118278662151765,257.0379422358525
361,1368,2019-06-11,2019,6,11,Tuesday,23,2019-23,219.14,220.9,213.5,217.1,11653500,217.1,0.019823379950719918,195.74142857142877,236.8620000000002,5.095360790692503,262.133303026545
362,1369,2019-06-12,2019,6,12,Wednesday,23,2019-23,222.95,223.38,209.0,209.26,15186200,209.26,-0.036112443004453376,196.92214285714297,235.2636000000002,-9.466273965115212,252.66702906142976
363,1370,2019-06-13,2019,6,13,Thursday,23,2019-23,210.38,214.9,207.51,213.91,8168300,213.91,0.022221204613104062,198.23785714285728,233.8242000000002,5.614565751759141,258.2815948131889
364,1371,2019-06-14,2019,6,14,Friday,23,2019-23,211.25,216.65,210.4,214.92,7433400,214.92,0.004721586132228285,199.9728571428573,232.28640000000019,1.2194987962797577,259.5010936094687
365,1372,2019-06-17,2019,6,17,Monday,24,2019-24,215.48,227.0,214.27,225.03,12316800,225.03,0.04704076259299162,202.56785714285732,231.43140000000028,12.207129337104712,271.7082229465734
366,1373,2019-06-18,2019,6,18,Tuesday,24,2019-24,228.72,234.74,222.56,224.74,12715800,224.74,-0.0012886872315065467,205.05928571428586,230.42700000000028,-0.3501469176065833,271.3580760289668
367,1374,2019-06-19,2019,6,19,Wednesday,24,2019-24,225.11,227.77,221.06,226.43,6575100,226.43,0.007519743442689242,207.7885714285716,229.4916000000002,2.040543112839592,273.3986191418064
368,1375,2019-06-20,2019,6,20,Thursday,24,2019-24,223.0,226.9,216.35,219.62,11863500,219.62,-0.03007551021893462,210.25000000000014,228.43780000000027,-8.222602963842013,265.1760161779644
369,1376,2019-06-21,2019,6,21,Friday,24,2019-24,216.22,222.18,215.5,221.86,8202100,221.86,0.010199460627293044,213.31357142857158,227.35380000000026,2.7046523363095716,267.88066851427396
370,1377,2019-06-24,2019,6,24,Monday,25,2019-25,223.24,225.86,221.02,223.64,5750800,223.64,0.008023072092310457,215.4592857142859,226.45820000000026,2.14922591562634,270.0298944299003
371,1378,2019-06-25,2019,6,25,Tuesday,25,2019-25,224.39,225.34,219.49,219.76,6182100,219.76,-0.01734933327401933,217.1142857142859,225.49940000000026,-4.684838632412596,265.3450557974877
372,1379,2019-06-26,2019,6,26,Wednesday,25,2019-25,220.31,227.23,218.1,219.27,8507200,219.27,-0.0022296607509232347,218.06571428571445,224.55720000000028,-0.5916294563631941,264.7534263411245
373,1380,2019-06-27,2019,6,27,Thursday,25,2019-25,219.45,222.9,217.35,222.84,6339700,222.84,0.016281260527516883,219.37571428571445,223.54680000000027,4.3105195098125995,269.0639458509371
374,1381,2019-06-28,2019,6,28,Friday,25,2019-25,220.99,225.17,220.8,223.46,6851400,223.46,0.00278231191063405,220.13142857142878,222.59140000000028,0.7486198212632573,269.8125656722004
375,1382,2019-07-01,2019,7,1,Monday,26,2019-26,230.21,233.1,226.28,227.17,8238000,227.17,0.01660248520366614,220.85071428571445,221.66960000000026,4.479559129335906,274.29212480153626
376,1383,2019-07-02,2019,7,2,Tuesday,26,2019-26,228.89,229.15,222.22,224.55,9259000,224.55,-0.011533191611152072,221.9428571428573,220.90560000000028,-3.163463632766155,271.1286611687701
377,1384,2019-07-03,2019,7,3,Wednesday,26,2019-26,239.39,241.57,234.51,234.9,14201100,234.9,0.046092142970672434,223.4421428571431,220.32560000000026,12.496901014037956,283.6255621828081
378,1385,2019-07-05,2019,7,5,Friday,26,2019-26,234.57,235.45,230.8,233.1,7065700,233.1,-0.007662783481220403,224.74071428571446,219.81440000000026,-2.173361272746272,281.45220091006183
379,1386,2019-07-08,2019,7,8,Monday,27,2019-27,231.24,232.25,228.66,230.34,5880500,230.34,-0.011840453424953323,225.12000000000015,219.46860000000027,-3.3325216762261927,278.11967923383565
380,1387,2019-07-09,2019,7,9,Tuesday,27,2019-27,228.97,231.0,227.28,230.06,6190800,230.06,-0.001215589058559119,225.5000000000002,219.36700000000027,-0.3380792390466224,277.781599994789
381,1388,2019-07-10,2019,7,10,Wednesday,27,2019-27,234.15,238.94,233.14,238.92,9145700,238.92,0.038511695663628,226.39214285714303,219.31600000000032,10.697840439954964,288.479440434744
382,1389,2019-07-11,2019,7,11,Thursday,27,2019-27,238.14,241.5,235.8,238.6,7514400,238.6,-0.0013393272554916846,227.74785714285736,219.31420000000026,-0.3863683772232426,288.09307205752077
383,1390,2019-07-12,2019,7,12,Friday,27,2019-27,239.75,245.38,239.71,245.08,9200500,245.08,0.027158405539720487,229.4064285714288,219.53560000000027,7.824148484122065,295.91722054164285
384,1391,2019-07-15,2019,7,15,Monday,28,2019-28,248.0,254.42,244.86,253.5,11000100,253.5,0.03435612088312956,231.53928571428588,219.72360000000026,10.16656780032839,306.0837883419712
385,1392,2019-07-16,2019,7,16,Tuesday,28,2019-28,249.3,253.53,247.93,252.38,8149000,252.38,-0.0044181266950197315,233.8692857142859,219.67060000000026,-1.3523169561864323,304.7314713857848
386,1393,2019-07-17,2019,7,17,Wednesday,28,2019-28,255.67,258.31,253.35,254.86,9764700,254.86,0.00982643505649583,236.4114285714288,219.66100000000026,2.9944240132428317,307.72589539902765
387,1394,2019-07-18,2019,7,18,Thursday,28,2019-28,255.05,255.75,251.89,253.54,4764500,253.54,-0.005179342859050196,238.60428571428588,219.79060000000027,-1.5938179188797816,306.13207748014787
388,1395,2019-07-19,2019,7,19,Friday,28,2019-28,255.69,259.96,254.62,258.18,7048400,258.18,0.01830085790217706,241.0842857142859,220.05740000000026,5.602479649262444,311.7345571294103
389,1396,2019-07-22,2019,7,22,Monday,29,2019-29,258.75,262.15,254.19,255.68,6842400,255.68,-0.009683167057563112,243.12071428571446,220.33140000000031,0.0,311.7345571294103
390,1397,2019-07-23,2019,7,23,Tuesday,29,2019-29,256.71,260.48,254.5,260.17,5023100,260.17,0.01756109543403639,245.66500000000016,220.74440000000027,0.0,311.7345571294103
391,1398,2019-07-24,2019,7,24,Wednesday,29,2019-29,259.17,266.07,258.16,264.88,11072800,264.88,0.018103513902405943,247.80642857142877,221.50180000000026,0.0,311.7345571294103
392,1399,2019-07-25,2019,7,25,Thursday,29,2019-29,233.5,234.5,225.55,228.82,22418300,228.82,-0.13613710696867176,247.50071428571445,221.43200000000027,0.0,311.7345571294103
393,1400,2019-07-26,2019,7,26,Friday,29,2019-29,226.92,230.26,222.25,228.04,10027700,228.04,-0.0034088541784753623,247.33642857142877,221.35380000000026,0.0,311.7345571294103
394,1401,2019-07-29,2019,7,29,Monday,30,2019-30,227.09,235.94,226.03,235.77,9273300,235.77,0.03389761100645572,247.7442857142859,221.50260000000026,10.567056754842497,322.3016138842528
395,1402,2019-07-30,2019,7,30,Tuesday,30,2019-30,232.9,243.36,232.18,242.26,8109000,242.26,0.02752678507345241,247.98285714285728,222.12720000000027,8.87192725421867,331.1735411384715
396,1403,2019-07-31,2019,7,31,Wednesday,30,2019-30,243.0,246.68,236.65,241.61,9178200,241.61,-0.0026830426451860396,248.1978571428573,222.85220000000027,-0.8885527338317922,330.2849884046397
397,1404,2019-08-01,2019,8,1,Thursday,30,2019-30,242.65,244.51,231.77,233.85,8259500,233.85,-0.03211785309893112,247.39571428571446,223.42760000000027,-10.608044738362388,319.67694366627734
398,1405,2019-08-02,2019,8,2,Friday,30,2019-30,231.35,236.27,229.23,234.34,6136500,234.34,0.002095318458782192,246.02714285714302,224.2598000000003,0.6698250009110258,320.34676866718837
399,1406,2019-08-05,2019,8,5,Monday,31,2019-31,229.6,231.37,225.78,228.32,7028300,228.32,-0.02568912310210913,244.30857142857158,224.9164000000003,-8.22942757565428,312.1173410915341
400,1407,2019-08-06,2019,8,6,Tuesday,31,2019-31,231.88,232.5,225.75,230.75,5564200,230.75,0.010642924832823029,242.58642857142877,225.7188000000003,3.321841400257784,315.4391824917919
401,1408,2019-08-07,2019,8,7,Wednesday,31,2019-31,226.5,233.57,225.8,233.42,4776500,233.42,0.011570956311788949,241.1492857142859,226.61320000000032,3.6499329996389456,319.08911549143085
402,1409,2019-08-08,2019,8,8,Thursday,31,2019-31,234.45,239.8,232.65,238.3,5274300,238.3,0.02090654151783711,239.72928571428588,227.58200000000028,6.67104984091152,325.76016533234235
403,1410,2019-08-09,2019,8,9,Friday,31,2019-31,236.05,238.96,233.81,235.01,3898200,235.01,-0.013806162412038692,238.25285714285735,228.51780000000028,-4.497497749950894,321.2626675823915
404,1411,2019-08-12,2019,8,12,Monday,32,2019-32,232.99,235.77,228.75,229.01,4663900,229.01,-0.025530829072145992,236.02714285714302,229.39480000000032,0.0,321.2626675823915
405,1412,2019-08-13,2019,8,13,Tuesday,32,2019-32,228.81,236.0,227.55,235.0,4848100,235.0,0.0261560876679785,233.8928571428573,230.5154000000003,0.0,321.2626675823915
406,1413,2019-08-14,2019,8,14,Wednesday,32,2019-32,231.21,231.5,216.69,219.62,9562600,219.62,-0.06544682928856382,233.23571428571447,231.0358000000003,0.0,321.2626675823915
407,1414,2019-08-15,2019,8,15,Thursday,32,2019-32,220.86,221.56,211.55,215.64,8159600,215.64,-0.018122192040917584,232.35000000000016,231.4168000000003,0.0,321.2626675823915
408,1415,2019-08-16,2019,8,16,Friday,32,2019-32,216.66,222.24,216.02,219.94,5098500,219.94,0.01994065601896033,231.2192857142859,231.6966000000003,0.0,321.2626675823915
409,1416,2019-08-19,2019,8,19,Monday,33,2019-33,224.21,227.83,221.7,226.83,5309600,226.83,0.031326722347763784,230.11714285714302,232.1432000000003,10.064106388055512,331.326773970447
410,1417,2019-08-20,2019,8,20,Tuesday,33,2019-33,227.62,229.09,224.54,225.86,4125200,225.86,-0.0042763356384646345,228.99214285714302,232.40280000000038,-1.4168644915073392,329.90990947893965
411,1418,2019-08-21,2019,8,21,Wednesday,33,2019-33,222.01,223.22,217.6,220.83,7794300,220.83,-0.02227042754672848,228.06214285714302,232.4774000000003,-7.3472347359984775,322.56267474294117
412,1419,2019-08-22,2019,8,22,Thursday,33,2019-33,222.8,225.4,218.22,222.15,6559000,222.15,0.0059774127359721865,227.19142857142876,232.7352000000003,1.9280902401577105,324.49076498309887
413,1420,2019-08-23,2019,8,23,Friday,33,2019-33,219.97,221.17,211.0,211.4,8538600,211.4,-0.04839072831579372,225.98285714285728,232.68500000000031,-15.702344449281208,308.78842053381766
414,1421,2019-08-26,2019,8,26,Monday,34,2019-34,213.6,215.02,211.54,215.0,5051900,215.0,0.017029357651156873,224.85785714285728,232.68660000000025,5.2584684518062135,314.04688898562387
415,1422,2019-08-27,2019,8,27,Tuesday,34,2019-34,215.74,218.8,212.03,214.08,5416200,214.08,-0.004279061250908378,223.47642857142867,232.46760000000032,-1.3438258736267081,312.70306311199715
416,1423,2019-08-28,2019,8,28,Wednesday,34,2019-34,213.69,217.25,212.31,215.59,3225500,215.59,0.007053412247387758,221.85428571428585,232.2846000000003,2.2056236151498276,314.90868672714697
417,1424,2019-08-29,2019,8,29,Thursday,34,2019-34,219.0,223.4,218.0,221.71,5179500,221.71,0.02838726508619982,220.90428571428586,232.19020000000026,8.939396368070575,323.84808309521753
418,1425,2019-08-30,2019,8,30,Friday,34,2019-34,229.15,232.44,224.21,225.61,9320600,225.61,0.01759051814705681,220.66142857142876,232.31000000000026,5.696655582575986,329.54473867779353
419,1426,2019-09-03,2019,9,3,Tuesday,35,2019-35,224.08,228.95,223.16,225.01,5354100,225.01,-0.0026594836305677827,219.9478571428573,232.37300000000027,-0.8764188380533295,328.6683198397402
420,1427,2019-09-04,2019,9,4,Wednesday,35,2019-35,226.89,228.46,219.21,220.68,5761000,220.68,-0.019243597781267163,220.02357142857159,232.31380000000027,-6.324760950440831,322.3435588892994
421,1428,2019-09-05,2019,9,5,Thursday,35,2019-35,222.5,229.8,220.85,229.58,7395300,229.58,0.040329932257833434,221.0192857142859,232.51020000000025,13.000093893754388,335.3436527830538
422,1429,2019-09-06,2019,9,6,Friday,35,2019-35,227.2,229.64,225.17,227.45,4189400,227.45,-0.0092778328505283,221.55571428571446,232.67380000000026,-3.1112623580067726,332.232390425047
423,1430,2019-09-09,2019,9,9,Monday,36,2019-36,230.0,233.76,229.23,231.79,4802700,231.79,0.019081100884245084,221.9100000000001,232.85280000000031,6.339359758714222,338.57175018376125
424,1431,2019-09-10,2019,9,10,Tuesday,36,2019-36,230.8,235.54,228.94,235.54,4883700,235.54,0.016178437847275132,222.60142857142867,233.0944000000003,5.477562017191144,344.0493122009524
425,1432,2019-09-11,2019,9,11,Wednesday,36,2019-36,237.38,248.17,236.0,247.1,10042800,247.1,0.049078768561140906,224.47785714285732,233.4930000000003,16.885516567130253,360.93482876808264
426,1433,2019-09-12,2019,9,12,Thursday,36,2019-36,247.7,253.5,244.4,245.87,8581200,245.87,-0.004977786143043783,226.17214285714297,233.9194000000004,-1.7966563891836425,359.138172378899
427,1434,2019-09-13,2019,9,13,Friday,36,2019-36,246.96,248.45,244.87,245.2,5313100,245.2,-0.002725009892426966,228.58642857142868,234.1254000000004,-0.9786550724806408,358.15951730641837
428,1435,2019-09-16,2019,9,16,Monday,37,2019-37,246.0,247.43,241.17,242.81,4728100,242.81,-0.009747142819716005,230.57285714285726,234.31960000000038,-3.4910319674262063,354.6684853389922
429,1436,2019-09-17,2019,9,17,Tuesday,37,2019-37,242.47,245.6,240.37,244.79,3865400,244.79,0.008154506599594491,232.76642857142863,234.60860000000042,2.8921465043649937,357.56063184335716
430,1437,2019-09-18,2019,9,18,Wednesday,37,2019-37,245.0,248.17,242.37,243.49,4170200,243.49,-0.005310624733949831,234.75928571428582,234.8772000000004,-1.8988703353540621,355.6617615080031
431,1438,2019-09-19,2019,9,19,Thursday,37,2019-37,246.0,247.94,244.84,246.6,4795800,246.6,0.0127726006825315,236.53714285714287,235.03080000000043,4.542725657787476,360.20448716579057
432,1439,2019-09-20,2019,9,20,Friday,37,2019-37,246.49,246.95,238.16,240.62,6353000,240.62,-0.02424984119350704,237.60928571428573,235.07120000000043,-8.734901610959067,351.4695855548315
433,1440,2019-09-23,2019,9,23,Monday,38,2019-38,240.0,245.18,239.22,241.23,4340200,241.23,0.0025351202008565554,238.76785714285717,234.99420000000043,0.0,351.4695855548315
434,1441,2019-09-24,2019,9,24,Tuesday,38,2019-38,241.52,241.99,222.61,223.21,12891500,223.21,-0.07470044908521589,238.9485714285715,234.38840000000042,0.0,351.4695855548315
435,1442,2019-09-25,2019,9,25,Wednesday,38,2019-38,224.56,228.98,218.36,228.7,9427100,228.7,0.02459562774626245,238.8857142857144,233.9148000000004,0.0,351.4695855548315
436,1443,2019-09-26,2019,9,26,Thursday,38,2019-38,230.66,243.31,227.4,242.56,11884500,242.56,0.060603414059022816,239.9650000000001,233.66880000000043,0.0,351.4695855548315
437,1444,2019-09-27,2019,9,27,Friday,38,2019-38,242.2,248.71,238.73,242.13,11116400,242.13,-0.0017727270782865734,240.7035714285715,233.4406000000004,0.0,351.4695855548315
438,1445,2019-09-30,2019,9,30,Monday,39,2019-39,243.0,243.98,236.11,240.87,5879800,240.87,-0.005203856359044967,241.0842857142858,233.09440000000038,0.0,351.4695855548315
439,1446,2019-10-01,2019,10,1,Tuesday,39,2019-39,241.5,245.95,239.13,244.69,6162600,244.69,0.015859207878342163,240.9121428571429,232.8746000000004,0.0,351.4695855548315
440,1447,2019-10-02,2019,10,2,Wednesday,39,2019-39,243.29,244.65,239.43,243.13,5631400,243.13,-0.0063754037477167244,240.71642857142868,232.53380000000038,0.0,351.4695855548315
441,1448,2019-10-03,2019,10,3,Thursday,39,2019-39,231.86,234.48,224.28,233.03,15084500,233.03,-0.041541586396889874,239.84714285714298,231.89680000000038,0.0,351.4695855548315
442,1449,2019-10-04,2019,10,4,Friday,39,2019-39,231.61,234.78,228.07,231.43,7995000,231.43,-0.00686609497445434,239.03428571428586,231.9490000000004,0.0,351.4695855548315
443,1450,2019-10-07,2019,10,7,Monday,40,2019-40,229.8,238.56,228.55,237.72,8064200,237.72,0.02717888235745569,238.52928571428586,232.1426000000004,9.552550518018473,361.02213607284995
444,1451,2019-10-08,2019,10,8,Tuesday,40,2019-40,235.87,243.94,234.5,240.05,8678200,240.05,0.009801454732837113,238.28357142857158,232.22820000000038,3.5385421242701995,364.5606781971201
445,1452,2019-10-09,2019,10,9,Wednesday,40,2019-40,241.32,247.3,240.65,244.53,6894400,244.53,0.018662760552321744,238.13571428571444,232.27360000000039,6.8037086439848755,371.364386841105
446,1453,2019-10-10,2019,10,10,Thursday,40,2019-40,245.28,249.28,241.58,244.74,6283300,244.74,0.0008588177929724773,238.43000000000012,232.3362000000003,0.3189343430954551,371.68332118420045
447,1454,2019-10-11,2019,10,11,Friday,40,2019-40,247.15,251.08,246.81,247.89,8475400,247.89,0.012870776439417808,238.90571428571442,232.6170000000003,4.783852933222169,376.46717411742264
448,1455,2019-10-14,2019,10,14,Monday,41,2019-41,247.9,258.55,247.13,256.96,10205000,256.96,0.03658877763428015,241.31642857142876,233.06940000000031,13.774473720388205,390.24164783781083
449,1456,2019-10-15,2019,10,15,Tuesday,41,2019-41,257.7,260.0,254.12,257.89,6432800,257.89,0.003619330729632164,243.40142857142877,233.66080000000028,1.412413588001682,391.65406142581253
450,1457,2019-10-16,2019,10,16,Wednesday,41,2019-41,257.39,262.1,256.92,259.75,6684100,259.75,0.00721232015942186,244.62928571428588,234.24080000000026,2.824734482740835,394.47879590855337
451,1458,2019-10-17,2019,10,17,Thursday,41,2019-41,262.5,264.78,260.17,261.97,4769300,261.97,0.008546684199049581,246.04642857142875,234.81180000000026,3.3714856918517375,397.8502816004051
452,1459,2019-10-18,2019,10,18,Friday,41,2019-41,260.7,262.8,255.1,256.95,5749800,256.95,-0.0191624574962026,247.19500000000016,235.18480000000028,-7.623789111019998,390.22649248938507
453,1460,2019-10-21,2019,10,21,Monday,42,2019-42,258.33,259.5,250.18,253.5,5020300,253.5,-0.013426783588753044,247.82428571428588,235.55460000000028,-5.239486665253138,384.9870058241319
454,1461,2019-10-22,2019,10,22,Tuesday,42,2019-42,254.32,258.33,250.85,255.58,4600800,255.58,0.008205135428223542,248.71357142857158,236.08600000000027,3.158870520893288,388.1458763450252
455,1462,2019-10-23,2019,10,23,Wednesday,42,2019-42,254.5,256.14,251.35,254.68,5261100,254.68,-0.0035214380969774686,250.2600000000001,236.47960000000032,-1.3668316761460775,386.7790446688791
456,1463,2019-10-24,2019,10,24,Thursday,42,2019-42,298.37,304.93,289.2,299.68,29720900,299.68,0.17669232485524278,255.1350000000001,238.08080000000027,68.34088860783405,455.11993327671314
457,1464,2019-10-25,2019,10,25,Friday,42,2019-42,297.72,330.0,296.11,328.13,30006100,328.13,0.09493463995713204,261.59285714285727,240.33060000000026,43.20664700293872,498.32658027965186
458,1465,2019-10-28,2019,10,28,Monday,43,2019-43,327.54,340.84,322.6,327.71,18870300,327.71,-0.0012800213984831554,267.8542857142858,242.48600000000027,-0.6378686861908884,497.688711593461
459,1466,2019-10-29,2019,10,29,Tuesday,43,2019-43,319.99,324.3,314.75,316.22,12684300,316.22,-0.035061458405213235,272.97500000000014,244.27380000000028,-17.4496920602783,480.23901953318267
460,1467,2019-10-30,2019,10,30,Wednesday,43,2019-43,313.0,318.79,309.97,315.01,9641800,315.01,-0.003826422903064897,277.99428571428587,246.05680000000018,-1.8375975832872007,478.40142194989545
461,1468,2019-10-31,2019,10,31,Thursday,43,2019-43,313.1,319.0,313.0,314.92,5067000,314.92,-0.0002856935814756767,282.78214285714296,247.93860000000026,-0.13667621561992205,478.26474573427555
462,1469,2019-11-01,2019,11,1,Friday,43,2019-43,316.32,316.48,309.8,313.31,6383900,313.31,-0.0051124596738596475,286.807142857143,249.76180000000028,-2.4451092259952216,475.8196365082803
463,1470,2019-11-04,2019,11,4,Monday,44,2019-44,314.8,321.94,309.26,317.47,8787000,317.47,0.01327759629289016,291.0628571428573,251.88320000000027,6.317741041786686,482.137377550067
464,1471,2019-11-05,2019,11,5,Tuesday,44,2019-44,319.62,323.51,316.12,317.22,6943400,317.22,-0.0007874759789546769,295.1678571428573,253.92760000000018,-0.3796716033768797,481.7577059466901
465,1472,2019-11-06,2019,11,6,Wednesday,44,2019-44,318.0,326.72,314.5,326.58,7940900,326.58,0.029506290005498093,299.78285714285727,256.1776000000002,14.214882584046512,495.97258853073663
466,1473,2019-11-07,2019,11,7,Thursday,44,2019-44,329.14,341.5,328.02,335.54,14467300,335.54,0.02743591873678275,305.39642857142866,258.5766000000002,13.607463634601078,509.5800521653377
467,1474,2019-11-08,2019,11,8,Friday,44,2019-44,334.5,337.46,332.5,337.14,6069200,337.14,0.004768451042407973,311.37071428571437,260.88520000000017,2.4299075309381135,512.0099596962758
468,1475,2019-11-11,2019,11,11,Monday,45,2019-45,343.95,349.19,342.0,345.09,9986700,345.09,0.02358065297512435,317.7642857142859,263.2748000000002,12.073529179405284,524.083488875681
469,1476,2019-11-12,2019,11,12,Tuesday,45,2019-45,346.9,350.37,344.04,349.93,7359400,349.93,0.01402531626315695,324.56785714285735,265.7732000000002,7.350436679780124,531.4339255554612
470,1477,2019-11-13,2019,11,13,Wednesday,45,2019-45,355.0,356.33,345.18,346.11,8420100,346.11,-0.010916490167100612,327.8842857142858,268.2818000000002,-5.801393222789871,525.6325323326713
471,1478,2019-11-14,2019,11,14,Thursday,45,2019-45,346.11,353.84,342.91,349.35,6464900,349.35,0.009361246104073071,329.4000000000001,270.67720000000025,4.920575495473282,530.5531078281446
472,1479,2019-11-15,2019,11,15,Friday,45,2019-45,350.64,352.8,348.36,352.17,4809000,352.17,0.00807215478731993,331.14714285714297,273.17160000000024,4.282706809282424,534.835814637427
473,1480,2019-11-18,2019,11,18,Monday,46,2019-46,352.92,353.15,346.1,349.99,4400400,349.99,-0.006190257859097104,333.5592857142858,275.5356000000002,0.0,534.835814637427
474,1481,2019-11-19,2019,11,19,Tuesday,46,2019-46,351.75,359.99,347.8,359.52,7724800,359.52,0.02722934668192933,336.7385714285716,278.01520000000016,0.0,534.835814637427
475,1482,2019-11-20,2019,11,20,Wednesday,46,2019-46,360.0,361.2,349.57,352.22,6725100,352.22,-0.02030481757911695,339.40285714285733,280.1176000000001,0.0,534.835814637427
476,1483,2019-11-21,2019,11,21,Thursday,46,2019-46,354.51,360.84,354.0,354.83,6079200,354.83,0.007410099774336931,342.3685714285716,282.29680000000013,0.0,534.835814637427
477,1484,2019-11-22,2019,11,22,Friday,46,2019-46,340.16,341.0,330.0,333.04,16859000,333.04,-0.06140962954636287,343.4807142857144,284.05360000000013,0.0,534.835814637427
478,1485,2019-11-25,2019,11,25,Monday,47,2019-47,344.32,344.57,334.46,336.34,12339500,336.34,0.009908682765733312,344.8464285714286,285.9242000000002,5.2995184189948095,540.1353330564218
479,1486,2019-11-26,2019,11,26,Tuesday,47,2019-47,335.27,335.5,327.1,328.92,7947400,328.92,-0.022060959121561245,345.01357142857154,287.60680000000013,-11.91590350266859,528.2194295537532
480,1487,2019-11-27,2019,11,27,Wednesday,47,2019-47,331.12,333.93,328.57,331.29,5555600,331.29,0.007205384350101873,344.71000000000015,289.36280000000016,3.8060240111263526,532.0254535648796
481,1488,2019-11-29,2019,11,29,Friday,47,2019-47,331.11,331.26,327.5,329.94,2465600,329.94,-0.004074997943478764,344.19571428571436,291.0296000000002,-2.1680026291552412,529.8574509357244
482,1489,2019-12-02,2019,12,2,Monday,48,2019-48,329.4,336.38,328.69,334.87,6074500,334.87,0.01494208837758837,343.4657142857144,292.9146000000002,7.917176859405287,537.7746277951296
483,1490,2019-12-03,2019,12,3,Tuesday,48,2019-48,332.62,337.91,332.19,336.2,6573700,336.2,0.003971741598939982,342.485,294.8140000000002,2.135901860068382,539.910529655198
484,1491,2019-12-04,2019,12,4,Wednesday,48,2019-48,337.75,337.86,332.85,333.03,5533000,333.03,-0.009428950959651572,341.55071428571426,297.0104000000003,-5.090789906718368,534.8197397484797
485,1492,2019-12-05,2019,12,5,Thursday,48,2019-48,332.83,334.42,327.25,330.37,3724600,330.37,-0.007987279439868655,340.195,299.0438000000002,-4.271754711328937,530.5479850371507
486,1493,2019-12-06,2019,12,6,Friday,48,2019-48,335.0,338.86,334.77,335.89,7612400,335.89,0.01670859827718907,339.03214285714284,300.9104000000002,8.864713148757868,539.4126981859087
487,1494,2019-12-09,2019,12,9,Monday,49,2019-49,336.59,344.45,335.08,339.53,9023100,339.53,0.010836833404140435,338.285,302.85840000000024,5.845525546318577,545.2582237322272
488,1495,2019-12-10,2019,12,10,Tuesday,49,2019-49,339.96,350.73,339.31,348.84,8828300,348.84,0.027420250322698347,337.52214285714285,305.01780000000025,14.95111698524753,560.2093407174747
489,1496,2019-12-11,2019,12,11,Wednesday,49,2019-49,351.88,357.19,351.09,352.7,6897800,352.7,0.011065290418710294,337.5564285714285,307.17800000000017,6.198879050313083,566.4082197677877
490,1497,2019-12-12,2019,12,12,Thursday,49,2019-49,354.92,362.74,353.23,359.68,7763900,359.68,0.019790133901818045,337.90285714285716,309.50900000000024,11.209294512294901,577.6175142800827
491,1498,2019-12-13,2019,12,13,Friday,49,2019-49,361.05,365.21,354.64,358.39,6570900,358.39,-0.003586460335886832,339.71357142857136,312.01620000000025,-2.0716023042790623,575.5459119758036
492,1499,2019-12-16,2019,12,16,Monday,50,2019-50,362.55,383.61,362.5,381.5,18174200,381.5,0.06448278246321193,342.9392857142857,315.01760000000024,37.11280183952667,612.6587138153303
493,1500,2019-12-17,2019,12,17,Tuesday,50,2019-50,378.99,385.5,375.9,378.99,8496800,378.99,-0.0065793178653341675,346.51571428571424,317.84300000000025,-4.030876421157855,608.6278373941725
494,1501,2019-12-18,2019,12,18,Wednesday,50,2019-50,380.63,395.22,380.58,393.15,14121000,393.15,0.037362474015085516,350.93428571428564,320.90500000000026,22.739841759497462,631.36767915367
495,1502,2019-12-19,2019,12,19,Thursday,50,2019-50,397.32,406.85,396.5,404.04,18107100,404.04,0.02769938908177827,356.2271428571428,324.0952000000002,17.48849899853685,648.8561781522069
496,1503,2019-12-20,2019,12,20,Friday,50,2019-50,410.29,413.0,400.19,405.59,14752700,405.59,0.0038362235426900866,361.2785714285714,327.3122000000002,2.489157346447409,651.3453354986543
497,1504,2019-12-23,2019,12,23,Monday,51,2019-51,411.78,422.01,410.0,419.22,13319600,419.22,0.03360537736600766,367.2085714285714,330.7388000000002,21.888705795021142,673.2340412936754
498,1505,2019-12-24,2019,12,24,Tuesday,51,2019-51,418.36,425.47,412.69,425.25,8054700,425.25,0.014383852778346641,373.7957142857143,334.1046000000003,9.68369933533957,682.917740629015
499,1506,2019-12-26,2019,12,26,Thursday,51,2019-51,427.91,433.48,426.35,430.94,10633900,430.94,0.013380370232583871,380.97928571428565,337.5656000000002,9.137692208015906,692.0554328370309
500,1507,2019-12-27,2019,12,27,Friday,51,2019-51,435.0,435.31,426.11,430.38,9945700,430.38,-0.0012994791744121992,387.7285714285714,340.97820000000024,-0.8993116225105421,691.1561212145203
501,1508,2019-12-30,2019,12,30,Monday,52,2019-52,428.79,429.0,409.26,414.7,12586400,414.7,-0.03643290231396956,393.0978571428572,344.0328000000002,0.0,691.1561212145203
502,1509,2019-12-31,2019,12,31,Tuesday,52,2019-52,405.0,421.29,402.08,418.33,10285700,418.33,0.008753253577002962,398.0614285714285,347.26040000000023,0.0,691.1561212145203
